,word
0,character
1,sinister
2,deadly
3,due
4,weaponry
5,stance
6,facial
7,features
8,design
9,fits
10,description
11,bolder
12,futuristic
13,style
14,matching
15,olive
16,drab
17,uniform
18,outfit
19,fitting
20,personality
21,using
22,sniper
23,rifle
24,picture
25,fit
26,inside
27,attractive
28,sociality
29,anixious
30,sensitive
31,person
32,looking
33,beautiful
34,dressing
35,position
36,cute
37,critical
38,movement
39,picked
40,order
41,university
42,professor
43,although
44,easily
45,flip
46,bow
47,cool
48,fine
49,stand
50,catch
51,attention
52,kind
53,toss
54,number
55,show
56,idea
57,post
58,apocalypse
59,better
60,bad
61,rebel
62,youre
63,going
64,token
65,smart
66,scientist
67,likely
68,expert
69,bows
70,crossbows
71,thus
72,expect
73,use
74,go
75,socially
76,awkward
77,genius
78,suppose
79,shy
80,even
81,though
82,giving
83,van
84,helsing
85,vibes
86,theme
87,compared
88,others
89,way
90,anxious
91,based
92,weapons
93,held
94,stanceb
95,characters
96,posture
97,little
98,accuratec
99,fairly
100,confident
101,match
102,welld
103,weapon
104,however
105,dressed
106,resembles
107,biological
108,background
109,white
110,coat
111,gives
112,educated
113,stood
114,primarily
115,opinion
116,said
117,certainly
118,viable
119,scarf
120,covers
121,face
122,definitely
123,monocle
124,impression
125,sort
126,eccentric
127,envision
128,type
129,somebody
130,young
131,simple
132,standpoint
133,wide
134,range
135,emotion
136,four
137,cant
138,say
139,specific
140,designs
141,etc
142,made
143,interesting
144,active
145,pose
146,seemed
147,dynamic
148,honestly
149,presented
150,images
151,none
152,biology
153,generic
154,gang
155,members
156,context
157,sure
158,relevant
159,closest
160,pick
161,key
162,phrase
163,social
164,anxiety
165,make
166,case
167,see
168,flashy
169,preferred
170,guys
171,take
172,care
173,business
174,intentions
175,strength
176,outfits
177,ab
178,associate
179,run
180,hes
181,soldier
182,whitejacket
183,doesnt
184,inconspicuous
185,enough
186,creative
187,unique
188,captures
189,appealing
190,double
191,crossbow
192,colors
193,hate
194,color
195,thought
196,matched
197,reserved
198,want
199,outlandish
200,put
201,together
202,bio
203,hiding
204,bit
205,indicates
206,maybe
207,coolest
208,got
209,wrist
210,ive
211,never
212,seen
213,honest
214,pictures
215,arent
216,either
217,guy
218,descritptions
219,traits
220,art
221,thinner
222,passive
223,lookign
224,especially
225,far
226,since
227,gun
228,ds
229,powerful
230,damage
231,science
232,used
233,belongs
234,west
235,part
236,cowboy
237,story
238,last
239,place
240,easy
241,someone
242,goofy
243,fan
244,clothing
245,expression
246,pretty
247,right
248,faceexpression
249,wins
250,nerdy
251,tell
252,pass
253,clothes
254,speak
255,bilogical
256,highly
257,protective
258,body
259,skin
260,something
261,modern
262,mostd
263,somewhat
264,ok
265,female
266,name
267,distinct
268,outlook
269,browngray
270,pallet
271,coloring
272,traditionally
273,matches
274,nicely
275,realistic
276,arrow
277,shows
278,confidence
279,vibe
280,timid
281,fierce
282,organization
283,german
284,practical
285,visually
286,ragtag
287,group
288,strange
289,fun
290,play
291,menacing
292,snobby
293,clean
294,refined
295,fighter
296,moreover
297,archery
298,practice
299,understated
300,opposed
301,hard
302,beat
303,dual
304,wield
305,arrows
306,man
307,provides
308,versatility
309,slightly
310,still
311,ascetic
312,next
313,top
314,creepy
315,eye
316,scouter
317,thing
318,wearing
319,research
320,scientific
321,help
322,enhance
323,fight
324,ranged
325,stealth
326,struck
327,comes
328,uses
329,else
330,strikes
331,frontlines
332,solider
333,mikael
334,captured
335,id
336,works
337,firearm
338,unnatural
339,okay
340,rational
341,calculating
342,archtype
343,hero
344,warrior
345,personalities
346,poses
347,dress
348,ranked
349,followed
350,finally
351,picks
352,reasonable
353,hear
354,goes
355,mold
356,manner
357,subdued
358,details
359,general
360,back
361,crime
362,boss
363,larger
364,life
365,accurate
366,depiction
367,sense
368,ability
369,charming
370,charismatic
371,unafraid
372,mixing
373,athletic
374,reminiscent
375,assassin
376,video
377,games
378,assasins
379,usually
380,tend
381,faces
382,wear
383,darker
384,proper
385,theyre
386,close
387,covering
388,whole
389,everyone
390,sees
391,fire
392,hidden
393,secretive
394,costume
395,exactly
396,suits
397,following
398,mentioned
399,appear
400,holsters
401,sheaths
402,specialize
403,assassination
404,violenced
405,ready
406,holding
407,knife
408,backc
409,violence
410,large
411,machine
412,descriptiona
413,high
414,class
415,carrying
416,guns
417,reflects
418,main
419,small
420,allow
421,fast
422,time
423,bigger
424,easier
425,notice
426,awesome
427,popped
428,matrix
429,neo
430,obvious
431,exemplifies
432,blades
433,huge
434,boots
435,rather
436,stealthy
437,covered
438,shadow
439,hair
440,footwear
441,needs
442,agile
443,flat
444,heels
445,dangerous
446,logical
447,moody
448,natural
449,demeanor
450,conveys
451,visual
452,done
453,clear
454,winner
455,bs
456,perfectly
457,becuse
458,level
459,ninja
460,jive
461,black
462,latinas
463,representation
464,characteristic
465,alone
466,different
467,favorite
468,equipped
469,attitude
470,bearing
471,fortitude
472,handle
473,crisis
474,capable
475,experienced
476,witching
477,rest
478,bewitching
479,represents
480,appearance
481,interested
482,learning
483,badass
484,im
485,subtle
486,avoid
487,noticed
488,generally
489,assassins
490,mad
491,elaborate
492,looked
493,keywords
494,open
495,engaging
496,feels
497,actually
498,wasnt
499,behind
500,lack
501,charcter
502,biggest
503,factor
504,cookie
505,bewithcing
506,personaloty
507,descriptions
508,fill
509,portion
510,stories
511,course
512,fetched
513,coolness
514,choose
515,pictured
516,image
517,given
518,text
519,per
520,reflect
521,photo
522,reader
523,controller
524,swan
525,market
526,owns
527,world
528,dare
529,touch
530,charm
531,side
532,power
533,broker
534,give
535,berth
536,dealing
537,within
538,terms
539,job
540,potentially
541,getting
542,serious
543,cookies
544,descriptioni
545,neither
546,screams
547,might
548,TRUE
549,graphic
550,sexy
551,term
552,version
553,sex
554,appeal
555,cold
556,blooded
557,quite
558,lab
559,rat
560,inspired
561,gets
562,ass
563,killer
564,latin
565,american
566,stereotypical
567,earrings
568,set
569,wish
570,shown
571,fearless
572,sportier
573,slim
574,displayed
575,aligns
576,tone
577,ethnicity
578,stated
579,lethal
580,least
581,lacks
582,stylized
583,portrayal
584,armed
585,poor
586,otherwise
587,bland
588,ugly
589,shiny
590,sticks
591,heavy
592,slow
593,gunner
594,appears
595,full
596,colorful
597,unobstructed
598,shes
599,america
600,similar
601,qualities
602,neutral
603,scheme
604,european
605,profile
606,mask
607,annoys
608,settler
609,fremen
610,dune
611,spends
612,clothed
613,fancy
614,mysterious
615,appearing
616,threatening
617,says
618,isnt
619,worried
620,altered
621,abilities
622,enhanced
623,assess
624,situations
625,assassinate
626,cocky
627,yet
628,able
629,turn
630,bewitch
631,flow
632,parts
633,strike
634,speedy
635,specialist
636,flowing
637,tough
638,intricacies
639,alright
640,hairstyle
641,blade
642,hand
643,jacket
644,air
645,genuine
646,intellect
647,witty
648,characteristics
649,intelligent
650,disciplined
651,sophisticated
652,classy
653,wise
654,robe
655,doctor
656,product
657,encourage
658,hope
659,gray
660,suit
661,adds
662,periodescription
663,sad
664,clearly
665,scar
666,red
667,exudes
668,leadership
669,tells
670,strong
671,rich
672,socialite
673,politician
674,reminds
675,independent
676,woman
677,politics
678,humans
679,champion
680,attributes
681,wants
682,support
683,crazy
684,husband
685,donate
686,another
687,half
688,injured
689,three
690,eyes
691,anyway
692,stately
693,bathrobe
694,casual
695,equality
696,human
697,rights
698,glasses
699,scream
700,teacher
701,perfect
702,depicts
703,couragious
704,professional
705,angle
706,trying
707,focus
708,pleasant
709,leadera
710,positive
711,leaderb
712,wealth
713,closely
714,theres
715,struggle
716,things
717,designed
718,displaying
719,necessary
720,chose
721,creep
722,arms
723,cut
724,realize
725,angled
726,saying
727,seeing
728,attire
729,grey
730,long
731,compliments
732,leader
733,figure
734,dr
735,accomplished
736,steady
737,savvy
738,special
739,prominent
740,important
741,regent
742,normal
743,housewife
744,terrible
745,scarring
746,opposite
747,accurately
748,around
749,left
750,injury
751,require
752,transplant
753,depict
754,burn
755,credibility
756,younger
757,firm
758,probably
759,evaluating
760,peoples
761,expressions
762,th
763,sadness
764,lost
765,learn
766,aged
767,tired
768,stupid
769,garish
770,muted
771,lovers
772,hide
773,leaderc
774,elements
775,align
776,contrast
777,blue
778,equal
779,pops
780,cost
781,drive
782,mrs
783,gold
784,upper
785,truthfully
786,jumped
787,concept
788,pieces
789,lacked
790,felt
791,slight
792,edge
793,plays
794,tied
795,wouldnt
796,consider
797,almost
798,allows
799,words
800,greater
801,data
802,measure
803,attach
804,detailed
805,information
806,fully
807,basis
808,writing
809,every
810,pulls
811,deciding
812,already
813,including
814,backstory
815,stoey
816,old
817,lady
818,skills
819,mostly
820,soft
821,caring
822,age
823,showing
824,throw
825,approachable
826,tad
827,trusting
828,typical
829,older
830,embody
831,portray
832,stability
833,calm
834,thin
835,believable
836,described
837,history
838,hugh
839,heffner
840,disheveled
841,burned
842,untouched
843,seasoned
844,formally
845,regal
846,compliment
847,wording
848,minister
849,complex
850,individual
851,meshes
852,happy
853,drink
854,embodies
855,likes
856,fool
857,basing
858,breaking
859,funny
860,find
861,sports
862,smile
863,laugh
864,jokes
865,supposed
866,thinks
867,playboy
868,dresses
869,knew
870,dudes
871,day
872,elegant
873,cthis
874,shabby
875,thug
876,gangster
877,necklaces
878,shoes
879,tattoos
880,head
881,hang
882,break
883,legs
884,authentic
885,eyecatching
886,drug
887,baggy
888,conceal
889,fashionable
890,horrible
891,dealers
892,personally
893,know
894,try
895,keep
896,mixed
897,company
898,failure
899,imagine
900,extravagant
901,sells
902,sounding
903,super
904,bright
905,conspicuous
906,green
907,likeable
908,mediocre
909,understands
910,gamer
911,language
912,stereotype
913,dealer
914,creativity
915,inline
916,persona
917,wealthy
918,drugdealer
919,vein
920,nonmatching
921,unkempt
922,puttogether
923,lead
924,believe
925,money
926,nondescript
927,cannot
928,identify
929,gangthemed
930,mobile
931,game
932,styles
933,attract
934,profiles
935,enjoy
936,strip
937,club
938,humor
939,fact
940,timeless
941,tougher
942,camo
943,kid
944,preferences
945,comic
946,relief
947,scary
948,silliest
949,goofiest
950,stick
951,jonah
952,hill
953,laid
954,real
955,stuff
956,talk
957,sometimes
958,work
959,undercover
960,cop
961,ranking
962,friendliest
963,sleazy
964,cs
965,gave
966,intelligence
967,versus
968,new
969,exciting
970,assume
971,adventurous
972,lime
973,plus
974,smartest
975,follows
976,footsteps
977,intimidating
978,moment
979,expierence
980,fuller
981,douche
982,rank
983,highest
984,upscale
985,free
986,hardened
987,lord
988,mix
989,friendly
990,edgy
991,sale
992,authority
993,voted
994,completely
995,met
996,party
997,college
998,clubs
999,youd
1000,hangs
1001,helps
1002,emphasize
1003,kidfriendly
1004,toughness
1005,showy
1006,anything
1007,anyone
1008,elses
1009,opinions
1010,role
1011,playing
1012,embracing
1013,portrays
1014,lavish
1015,spender
1016,switch
1017,ruthless
1018,impress
1019,approach
1020,without
1021,overdone
1022,common
1023,remember
1024,catching
1025,beave
1026,terrific
1027,experience
1028,interestedd
1029,physically
1030,worlda
1031,dislike
1032,feete
1033,worn
1034,worldh
1035,boring
1036,dirt
1037,basic
1038,nothing
1039,stands
1040,attractiveg
1041,unrealistic
1042,interestedf
1043,postapocalyptic
1044,fightingc
1045,extremely
1046,fantasy
1047,sexual
1048,future
1049,events
1050,zombie
1051,pause
1052,technological
1053,progress
1054,terribly
1055,ankle
1056,bracelet
1057,removed
1058,acceptable
1059,dark
1060,sexually
1061,posing
1062,reason
1063,cyber
1064,punk
1065,barbarian
1066,germanic
1067,gothic
1068,samurai
1069,swords
1070,short
1071,asis
1072,intensity
1073,represented
1074,sleek
1075,feature
1076,gadgets
1077,brunette
1078,blonde
1079,selling
1080,sexualizing
1081,whats
1082,adventure
1083,remind
1084,tomb
1085,raider
1086,tight
1087,pants
1088,ha
1089,skinny
1090,barbie
1091,doll
1092,sexualized
1093,remotely
1094,caricature
1095,early
1096,fighting
1097,partner
1098,useful
1099,comfortable
1100,pragmatic
1101,appeared
1102,ensemble
1103,battle
1104,zombies
1105,worry
1106,possibly
1107,goals
1108,criteria
1109,equipment
1110,carry
1111,impractical
1112,couldnt
1113,tire
1114,taken
1115,quickly
1116,portraying
1117,encounter
1118,along
1119,apocalyptic
1120,grittiness
1121,determination
1122,innocent
1123,feeling
1124,environment
1125,edg
1126,matter
1127,pure
1128,attraction
1129,takes
1130,cake
1131,conventionally
1132,idealized
1133,unusual
1134,additional
1135,highlight
1136,remaining
1137,certain
1138,fakery
1139,exaggerated
1140,plain
1141,weird
1142,attractiveness
1143,optimal
1144,sexiest
1145,hottest
1146,fishnets
1147,belly
1148,shirt
1149,cleavage
1150,purple
1151,striking
1152,caught
1153,simplicity
1154,tighter
1155,tightest
1156,flawless
1157,total
1158,babe
1159,element
1160,adding
1161,making
1162,belong
1163,setting
1164,focused
1165,particular
1166,allbusiness
1167,police
1168,underneath
1169,created
1170,sequences
1171,sets
1172,user
1173,gameplay
1174,usage
1175,apps
1176,reach
1177,officers
1178,grabbed
1179,situation
1180,lean
1181,sexier
1182,dystopian
1183,gas
1184,breathe
1185,ripped
1186,fishnet
1187,stockings
1188,homemade
1189,wears
1190,hip
1191,demeaning
1192,women
1193,objects
1194,unappealing
1195,females
1196,may
1197,innocence
1198,mystery
1199,unassuming
1200,entire
1201,arsenal
1202,means
1203,step
1204,wrong
1205,equally
1206,widow
1207,dn
1208,polished
1209,girl
1210,mean
1211,army
1212,vs
1213,dancer
1214,found
1215,copwoman
1216,hot
1217,model
1218,decisions
1219,stances
1220,addition
1221,tried
1222,came
1223,became
1224,breasts
1225,bait
1226,start
1227,scifi
1228,busy
1229,home
1230,starship
1231,boarding
1232,team
1233,fall
1234,apart
1235,doubt
1236,stay
1237,fail
1238,detail
1239,rough
1240,wash
1241,rinse
1242,repeat
1243,dirty
1244,slayer
1245,listen
1246,thats
1247,absolutely
1248,point
1249,skimpy
1250,tits
1251,allure
1252,margin
1253,suitable
1254,verve
1255,excitement
1256,nearly
1257,officer
1258,realism
1259,entertaining
1260,interest
1261,spoiled
1262,big
1263,instead
1264,yes
1265,hypersexualized
1266,ridiculous
1267,shorts
1268,decked
1269,considered
1270,besides
1271,therefore
1272,physical
1273,tie
1274,took
1275,breaker
1276,models
1277,relatable
1278,resonates
1279,kinda
1280,immodest
1281,trendy
1282,shooting
1283,gatling
1284,hotter
1285,wicked
1286,somewhere
1287,rugged
1288,girls
1289,bulky
1290,players
1291,engaged
1292,excited
1293,curves
1294,liar
1295,middle
1296,bordering
1297,laura
1298,croftesque
1299,couple
1300,didnt
1301,practically
1302,mech
1303,fantastical
1304,extent
1305,gravitate
1306,towards
1307,overly
1308,tones
1309,humanlooking
1310,sassy
1311,survive
1312,energetic
1313,bodily
1314,possess
1315,firepowers
1316,lively
1317,kitanas
1318,wastelander
1319,fourth
1320,dedication
1321,bizarre
1322,sexiness
1323,goal
1324,defga
1325,upon
1326,aesthetic
1327,illustrative
1328,draw
1329,follow
1330,haircut
1331,brown
1332,rendered
1333,count
1334,headgear
1335,costumeoutfit
1336,postapocolyptic
1337,attracted
1338,survivor
1339,imagining
1340,suited
1341,space
1342,usual
1343,tattered
1344,bold
1345,whereas
1346,policewoman
1347,ed
1348,turned
1349,themself
1350,survival
1351,prepared
1352,original
1353,scenario
1354,visible
1355,heck
1356,brunettes
1357,bleach
1358,limited
1359,resources
1360,kick
1361,butt
1362,styling
1363,hassome
1364,keeping
1365,mind
1366,beyond
1367,drawn
1368,eight
1369,seductive
1370,avatar
1371,visibly
1372,feminine
1373,overtly
1374,helpful
1375,progression
1376,happen
1377,society
1378,falls
1379,versions
1380,available
1381,today
1382,add
1383,genre
1384,bottom
1385,excite
1386,grab
1387,intense
1388,lends
1389,nature
1390,boobs
1391,butts
1392,lowest
1393,expected
1394,scantily
1395,clad
1396,keira
1397,knightly
1398,sp
1399,curvy
1400,cartoonish
1401,ladies
1402,wth
1403,higher
1404,survivors
1405,read
1406,unreasonable
1407,proportions
1408,odd
1409,gaming
1410,massive
1411,backsides
1412,standing
1413,hips
1414,viewer
1415,bullets
1416,amazing
1417,prompt
1418,fifth
1419,decent
1420,sixth
1421,speaking
1422,cyberpunk
1423,seventh
1424,points
1425,overdesigned
1426,outrageous
1427,defying
1428,reality
1429,magazine
1430,grabbing
1431,chance
1432,vivid
1433,sky
1434,castle
1435,complaint
1436,cliffs
1437,raised
1438,outline
1439,trees
1440,fake
1441,purpose
1442,outlining
1443,areabackground
1444,actual
1445,area
1446,graphics
1447,sharper
1448,coloration
1449,brings
1450,visit
1451,showed
1452,solid
1453,layers
1454,depth
1455,brighter
1456,building
1457,prominently
1458,naturalness
1459,outlined
1460,legitimate
1461,artsy
1462,paper
1463,outlines
1464,stylish
1465,lighter
1466,lighting
1467,grabs
1468,away
1469,shading
1470,angles
1471,challenging
1472,quality
1473,alternative
1474,vibrant
1475,distant
1476,mountains
1477,rocks
1478,opponent
1479,highlights
1480,center
1481,backgrounds
1482,artificial
1483,mache
1484,buildings
1485,shadowing
1486,dramatic
1487,distracting
1488,lightingshading
1489,shadows
1490,edges
1491,pop
1492,vegetation
1493,scenery
1494,landscape
1495,immersive
1496,outside
1497,many
1498,height
1499,tree
1500,accent
1501,webpage
1502,priority
1503,playlists
1504,cutout
1505,props
1506,richens
1507,scene
1508,cast
1509,creates
1510,challenges
1511,difference
1512,border
1513,balanced
1514,clearer
1515,highlighted
1516,added
1517,complete
1518,crisper
1519,cleaner
1520,rigid
1521,lines
1522,leaves
1523,confusing
1524,concrete
1525,entirely
1526,consistent
1527,stroking
1528,effect
1529,easiest
1530,brightness
1531,differences
1532,minute
1533,barely
1534,noticeable
1535,skies
1536,contrasts
1537,enlarged
1538,cannon
1539,rated
1540,textures
1541,crisp
1542,blurry
1543,mess
1544,played
1545,extra
1546,sun
1547,pleasing
1548,obstacles
1549,light
1550,shinning
1551,wall
1552,amount
1553,brick
1554,ads
1555,textured
1556,rock
1557,lower
1558,brightens
1559,region
1560,st
1561,ball
1562,weathered
1563,blocks
1564,daytime
1565,texture
1566,gamea
1567,appealingb
1568,flatter
1569,bricks
1570,cleanest
1571,designing
1572,users
1573,evergreen
1574,stone
1575,sharp
1576,daynight
1577,cycle
1578,identical
1579,indepth
1580,tear
1581,watercolor
1582,artstyle
1583,remain
1584,cohesive
1585,divets
1586,provide
1587,definition
1588,playable
1589,artistic
1590,aesthetically
1591,impressive
1592,strongest
1593,immersion
1594,distracted
1595,challenge
1596,move
1597,implemented
1598,reaslistic
1599,involving
1600,effects
1601,engulfed
1602,names
1603,describes
1604,war
1605,insect
1606,invaders
1607,exodus
1608,imagery
1609,lets
1610,near
1611,entropy
1612,rate
1613,provocative
1614,secondmost
1615,thirdmost
1616,fourthmost
1617,fifthmost
1618,ae
1619,come
1620,complicated
1621,bd
1622,title
1623,representative
1624,signifies
1625,year
1626,knowing
1627,plot
1628,descript
1629,existing
1630,series
1631,cause
1632,confusion
1633,project
1634,nostos
1635,meaning
1636,surrounding
1637,word
1638,returning
1639,homeland
1640,biblical
1641,sci
1642,fi
1643,earth
1644,ring
1645,mesh
1646,straightforward
1647,check
1648,days
1649,bet
1650,combination
1651,cheesy
1652,signals
1653,descent
1654,chaos
1655,disorder
1656,successive
1657,wave
1658,enemies
1659,become
1660,difficult
1661,chaotic
1662,epic
1663,action
1664,packed
1665,namec
1666,pattern
1667,catchya
1668,raw
1669,classical
1670,favor
1671,titles
1672,curious
1673,wondering
1674,involves
1675,nearish
1676,companion
1677,later
1678,memorable
1679,sounded
1680,grammar
1681,ties
1682,vague
1683,uninspired
1684,instance
1685,jump
1686,must
1687,us
1688,lesser
1689,immediately
1690,nearfuture
1691,excellently
1692,weaker
1693,weak
1694,tongue
1695,choppy
1696,forced
1697,appropriate
1698,impactful
1699,strategic
1700,enticing
1701,evocative
1702,send
1703,invading
1704,insects
1705,letting
1706,
1707,believed
1708,reflected
1709,defending
1710,base
1711,narrative
1712,effective
1713,broad
1714,scope
1715,concise
1716,projected
1717,leaving
1718,coming
1719,end
1720,understand
1721,mde
1722,dozen
1723,ripoff
1724,metro
1725,novel
1726,elicits
1727,manes
1728,mostthe
1729,ambiguous
1730,leave
1731,travel
1732,contrary
1733,intriguing
1734,returner
1735,sifi
1736,according
1737,judging
1738,appeals
1739,earthwar
1740,hearing
1741,zero
1742,scale
1743,size
1744,catchy
1745,six
1746,return
1747,implies
1748,defend
1749,communicate
1750,descriptive
1751,told
1752,occurring
1753,descriptor
1754,non
1755,numbered
1756,mention
1757,save
1758,existential
1759,threat
1760,ominous
1761,concerning
1762,wanna
1763,tag
1764,totally
1765,sweeping
1766,territories
1767,defender
1768,taking
1769,interactive
1770,involved
1771,worst
1772,possibilities
1773,depending
1774,aspect
1775,futuref
1776,futured
1777,experiment
1778,test
1779,interestede
1780,futurec
1781,oddb
1782,football
1783,relates
1784,territory
1785,multiple
1786,attacks
1787,explanation
1788,impact
1789,operations
1790,defenders
1791,lie
1792,waves
1793,enemy
1794,speaks
1795,defense
1796,falling
1797,happened
1798,nostros
1799,intrigue
1800,pique
1801,protecting
1802,planet
1803,relate
1804,refer
1805,putting
1806,self
1807,explanatory
1808,describe
1809,returners
1810,assortment
1811,inclined
1812,intended
1813,customizable
1814,bug
1815,strategy
1816,escape
1817,anew
1818,sellable
1819,comprehension
1820,audience
1821,vision
1822,military
1823,dire
1824,resonate
1825,deal
1826,comfy
1827,gangsterbouncer
1828,bouncer
1829,working
1830,nightclubs
1831,downtown
1832,live
1833,logo
1834,vest
1835,microphone
1836,ear
1837,piece
1838,leather
1839,sleeve
1840,chain
1841,education
1842,nd
1843,guard
1844,pimp
1845,door
1846,collar
1847,toughest
1848,scariest
1849,tats
1850,muscles
1851,bouncerish
1852,bouncing
1853,combined
1854,crossed
1855,knows
1856,ward
1857,vast
1858,majority
1859,unruly
1860,causing
1861,trouble
1862,bar
1863,muscular
1864,classic
1865,neat
1866,radio
1867,nicer
1868,establishment
1869,assert
1870,sharply
1871,convey
1872,force
1873,reckoned
1874,appropriately
1875,authoritative
1876,fearful
1877,flirty
1878,decisive
1879,actions
1880,moral
1881,toward
1882,earpiece
1883,crowd
1884,tackles
1885,perhaps
1886,rappers
1887,upgraded
1888,gangsters
1889,twocolored
1890,profession
1891,chunky
1892,nononsense
1893,nobody
1894,security
1895,plenty
1896,trustworthiness
1897,except
1898,smiling
1899,inappropriate
1900,grocery
1901,store
1902,tattos
1903,arm
1904,hime
1905,trustworthy
1906,sweetheart
1907,strippers
1908,thinn
1909,unlikely
1910,sleekest
1911,hed
1912,funnest
1913,shit
1914,overweight
1915,shorter
1916,sleeves
1917,bouncers
1918,aggressive
1919,dated
1920,stronger
1921,haughty
1922,intimidation
1923,cooler
1924,component
1925,mall
1926,necklace
1927,normally
1928,fantastic
1929,evil
1930,fought
1931,resident
1932,gears
1933,prototype
1934,anyways
1935,scorpionzombie
1936,hybrid
1937,blood
1938,mouth
1939,closer
1940,structure
1941,several
1942,resemble
1943,animal
1944,creature
1945,themed
1946,fresh
1947,mutations
1948,cybernetic
1949,creations
1950,becoming
1951,giant
1952,mass
1953,ethe
1954,saw
1955,hands
1956,disfigured
1957,creatures
1958,heads
1959,claws
1960,traditional
1961,humanoid
1962,soldiers
1963,masks
1964,mutilated
1965,spiderlike
1966,insectlike
1967,unimpressive
1968,teenage
1969,longhaired
1970,boy
1971,tail
1972,whip
1973,deformed
1974,comparison
1975,nonthreatening
1976,imposing
1977,robotic
1978,applied
1979,scorpion
1980,hcd
1981,among
1982,grounded
1983,immerse
1984,monsters
1985,zombified
1986,twist
1987,exists
1988,ideal
1989,dead
1990,cyborgs
1991,oriented
1992,quicker
1993,change
1994,spiderscorpion
1995,result
1996,accepted
1997,rules
1998,mutated
1999,chemicals
2000,terrestrial
2001,forces
2002,lame
2003,psycho
2004,moves
2005,simplistic
2006,plausible
2007,melded
2008,technology
2009,mutation
2010,terrifies
2011,harder
2012,numbers
2013,largest
2014,inpact
2015,distinctily
2016,stingers
2017,finger
2018,bowing
2019,intersting
2020,glow
2021,whilte
2022,rotating
2023,beforeg
2024,beforee
2025,tools
2026,attachmentsc
2027,captaina
2028,haveh
2029,connected
2030,gone
2031,wrongf
2032,relation
2033,types
2034,truly
2035,items
2036,crab
2037,morphed
2038,drill
2039,drawing
2040,sketch
2041,combine
2042,nonhuman
2043,terrifying
2044,spider
2045,dropoff
2046,bunch
2047,awful
2048,torsos
2049,unpredictable
2050,intimidated
2051,dumb
2052,book
2053,collect
2054,fingers
2055,nowhere
2056,monster
2057,hits
2058,biting
2059,tearing
2060,mushroom
2061,bite
2062,primary
2063,selection
2064,chosen
2065,photograph
2066,shapes
2067,typography
2068,depicting
2069,stage
2070,transition
2071,mosthuman
2072,zombiefied
2073,turning
2074,mutant
2075,cross
2076,demon
2077,undead
2078,nightmares
2079,parasite
2080,famous
2081,bonus
2082,ad
2083,flawlessa
2084,legit
2085,gory
2086,quick
2087,uniqueness
2088,etched
2089,demonic
2090,tops
2091,recognizable
2092,ness
2093,bloody
2094,torso
2095,strain
2096,infected
2097,particularly
2098,lifelike
2099,weeks
2100,personal
2101,preference
2102,subjective
2103,scariness
2104,visceral
2105,reaction
2106,humanoids
2107,suffer
2108,overuse
2109,trope
2110,anime
2111,walk
2112,upright
2113,appendages
2114,aliens
2115,copied
2116,multi
2117,tentacles
2118,varying
2119,degrees
2120,clawlike
2121,invoked
2122,view
2123,aa
2124,punch
2125,unhuman
2126,tech
2127,attack
2128,silly
2129,protagonist
2130,zombiethemed
2131,recently
2132,regular
2133,targeted
2134,experimentation
2135,organic
2136,virus
2137,vile
2138,evolved
2139,patriarch
2140,killing
2141,floor
2142,deep
2143,crimsonred
2144,outstanding
2145,likewise
2146,conventional
2147,standard
2148,horror
2149,visualize
2150,unsettling
2151,silent
2152,somethign
2153,bane
2154,worse
2155,recognizably
2156,career
2157,amalgamation
2158,loss
2159,uneasy
2160,whatever
2161,happening
2162,dread
2163,hit
2164,surreal
2165,realismbased
2166,fear
2167,supernatural
2168,beings
2169,rooted
2170,form
2171,merged
2172,talons
2173,movie
2174,disturbing
2175,wild
2176,humanlike
2177,oneoff
2178,frightening
2179,overwhelming
2180,adfh
2181,sequence
2182,guess
2183,max
2184,belonged
2185,cartoonishwhich
2186,lovecraftian
2187,doom
2188,hellbeast
2189,stunning
2190,attracts
2191,hellish
2192,zombieish
2193,reasons
2194,million
2195,shamblers
2196,survivalzombiethemed
2197,separate
2198,pack
2199,agony
2200,gs
2201,downright
2202,explore
2203,volcanic
2204,ruined
2205,atmosphere
2206,wait
2207,cloud
2208,city
2209,imagination
2210,colored
2211,swirls
2212,lightning
2213,captivates
2214,storm
2215,brewing
2216,calls
2217,grim
2218,ruins
2219,forest
2220,motif
2221,glowing
2222,desert
2223,biome
2224,partial
2225,built
2226,lava
2227,flows
2228,poorly
2229,illustrated
2230,flowers
2231,provikes
2232,midevil
2233,era
2234,fortress
2235,areas
2236,living
2237,journey
2238,anticipation
2239,expecting
2240,flower
2241,fauna
2242,exploring
2243,underground
2244,cave
2245,gloomy
2246,mystical
2247,secrets
2248,magical
2249,lots
2250,lush
2251,landscapes
2252,dungeon
2253,ambivalent
2254,dry
2255,barren
2256,lands
2257,magic
2258,grand
2259,senses
2260,unclear
2261,communal
2262,exploration
2263,linear
2264,paths
2265,link
2266,indoor
2267,environments
2268,example
2269,rooms
2270,anywhere
2271,western
2272,hc
2273,bgdf
2274,darkness
2275,wonder
2276,underworld
2277,worlds
2278,colliding
2279,whimsical
2280,storms
2281,called
2282,dig
2283,association
2284,absolute
2285,ancient
2286,civilizations
2287,interests
2288,reveal
2289,fairytale
2290,degree
2291,mysticism
2292,storyline
2293,enjoying
2294,floating
2295,path
2296,quest
2297,adventures
2298,lotr
2299,kings
2300,toweri
2301,illustration
2302,superscary
2303,thrillpacked
2304,cliched
2305,derivative
2306,nascent
2307,themwell
2308,evidence
2309,alive
2310,locations
2311,healthy
2312,surviving
2313,intersection
2314,inferred
2315,treasures
2316,onenote
2317,emphasis
2318,single
2319,fairy
2320,tale
2321,traps
2322,room
2323,offers
2324,cavernous
2325,stairwells
2326,civilization
2327,emotions
2328,spark
2329,perspective
2330,themes
2331,ruin
2332,search
2333,places
2334,placed
2335,heavens
2336,heaven
2337,hell
2338,historical
2339,location
2340,intrigues
2341,enjoyable
2342,typically
2343,centric
2344,leaned
2345,longforgotten
2346,nooks
2347,crannies
2348,theyd
2349,risky
2350,filled
2351,troops
2352,danger
2353,investigate
2354,wildlife
2355,weather
2356,smell
2357,roses
2358,worldforest
2359,incredible
2360,consideration
2361,settings
2362,present
2363,caves
2364,explored
2365,uninteresting
2366,leads
2367,lies
2368,ahead
2369,stimulates
2370,familiar
2371,gac
2372,efb
2373,dreary
2374,akin
2375,empire
2376,realness
2377,draws
2378,turbulent
2379,surprises
2380,dessert
2381,clouds
2382,mundane
2383,camping
2384,afoul
2385,convection
2386,kinds
2387,peril
2388,opportunity
2389,lit
2390,historic
2391,value
2392,nonunique
2393,maze
2394,caverns
2395,corners
2396,archeological
2397,potential
2398,film
2399,unsteady
2400,ground
2401,night
2402,sharing
2403,spend
2404,beetle
2405,armor
2406,trim
2407,accents
2408,scythe
2409,mount
2410,helmet
2411,proportion
2412,hydra
2413,complaints
2414,remarkable
2415,hat
2416,scales
2417,hold
2418,tentacle
2419,fetish
2420,artistically
2421,leastwouldnt
2422,die
2423,octopus
2424,wizard
2425,gruff
2426,weight
2427,holder
2428,flames
2429,elbows
2430,represent
2431,mysteries
2432,ocean
2433,conquer
2434,guardian
2435,rankings
2436,scared
2437,powers
2438,mythology
2439,origins
2440,motives
2441,similarly
2442,inn
2443,combat
2444,sparks
2445,curiosity
2446,bge
2447,magician
2448,meant
2449,withb
2450,creaturef
2451,fifthe
2452,whyd
2453,mec
2454,charchters
2455,challenger
2456,ebag
2457,endgame
2458,fights
2459,hitting
2460,slashing
2461,elementals
2462,dragon
2463,weighing
2464,justice
2465,delivered
2466,defensive
2467,starting
2468,onward
2469,capabilities
2470,goblin
2471,censors
2472,cthulhu
2473,alien
2474,cruelty
2475,reinforcing
2476,via
2477,animals
2478,worthy
2479,nemesis
2480,dragons
2481,intrigued
2482,final
2483,bosses
2484,leaders
2485,mini
2486,orders
2487,slowest
2488,win
2489,successfully
2490,stature
2491,underwater
2492,worldliness
2493,electric
2494,advancing
2495,halo
2496,orb
2497,frustrated
2498,numerous
2499,poison
2500,timesor
2501,fighters
2502,riding
2503,beast
2504,onto
2505,welding
2506,sword
2507,calligraphy
2508,pen
2509,fireballs
2510,layout
2511,outlooka
2512,gentle
2513,across
2514,frail
2515,electricity
2516,artwork
2517,exotic
2518,mythical
2519,commonplace
2520,feelings
2521,major
2522,strengths
2523,plan
2524,predictable
2525,thinking
2526,accordance
2527,manage
2528,unmanly
2529,sorcerymagic
2530,humnalike
2531,spookier
2532,weirder
2533,obtuselooking
2534,interaction
2535,brawler
2536,souls
2537,kill
2538,seconds
2539,specifically
2540,rpg
2541,foreboding
2542,skeletor
2543,childhood
2544,foe
2545,nostalgia
2546,harry
2547,potter
2548,mine
2549,eyed
2550,squid
2551,pros
2552,geand
2553,ac
2554,muscle
2555,men
2556,apparent
2557,electrical
2558,weirdin
2559,defeat
2560,guessing
2561,origin
2562,runs
2563,variety
2564,flying
2565,charachter
2566,running
2567,catlike
2568,wings
2569,snake
2570,murder
2571,chest
2572,puffed
2573,luminescent
2574,feet
2575,harness
2576,narrow
2577,asian
2578,influenced
2579,whiskers
2580,gradient
2581,feathers
2582,perched
2583,teal
2584,fangs
2585,spikes
2586,conveyed
2587,loyalty
2588,appealed
2589,identifiable
2590,studying
2591,process
2592,player
2593,companions
2594,exist
2595,possible
2596,likeness
2597,appearancei
2598,selected
2599,grace
2600,dea
2601,loyal
2602,friendspartners
2603,mixture
2604,past
2605,create
2606,cat
2607,regard
2608,deer
2609,griffin
2610,fly
2611,reliable
2612,rely
2613,connection
2614,animated
2615,display
2616,ultra
2617,tiny
2618,hurt
2619,cats
2620,christmas
2621,north
2622,poleup
2623,goodi
2624,heartened
2625,beside
2626,lion
2627,pet
2628,ride
2629,shoulder
2630,pokémon
2631,unwieldy
2632,eat
2633,protect
2634,alongside
2635,legged
2636,crystals
2637,various
2638,faster
2639,composition
2640,otherworldliness
2641,birdhalf
2642,hinderance
2643,spike
2644,issue
2645,eighth
2646,reminded
2647,stuffed
2648,fur
2649,adorableness
2650,wed
2651,ending
2652,falkor
2653,endearing
2654,versatile
2655,efg
2656,finer
2657,cartoon
2658,puts
2659,palette
2660,unfriendly
2661,unapproachableh
2662,distantremoved
2663,ephemeral
2664,possibility
2665,emotional
2666,connectionc
2667,limbs
2668,unrelatable
2669,ancientness
2670,atzec
2671,mayan
2672,loreb
2673,warmer
2674,mobilize
2675,presence
2676,tactically
2677,appealingd
2678,feline
2679,balance
2680,cuddlyapproachable
2681,majestic
2682,chinese
2683,flair
2684,squirrel
2685,owl
2686,itg
2687,cuddly
2688,cuddle
2689,companionf
2690,ranks
2691,appealingly
2692,accessible
2693,somehow
2694,dignified
2695,strongd
2696,enormous
2697,cutesy
2698,nimble
2699,excellent
2700,horns
2701,angry
2702,starts
2703,weakest
2704,fluffy
2705,falcor
2706,additionally
2707,extend
2708,cutest
2709,steed
2710,gonna
2711,picking
2712,wisdom
2713,ally
2714,immersed
2715,awfully
2716,adorable
2717,neverending
2718,nifty
2719,bgh
2720,faec
2721,bfc
2722,facea
2723,flyer
2724,prey
2725,antlers
2726,scroll
2727,sending
2728,receiving
2729,messages
2730,toe
2731,sickle
2732,thor
2733,hammer
2734,gru
2735,guardians
2736,lords
2737,ice
2738,princess
2739,spell
2740,cf
2741,death
2742,greenery
2743,skull
2744,lesbians
2745,refreshing
2746,defeated
2747,descend
2748,opion
2749,thier
2750,sorcery
2751,secondary
2752,ram
2753,bipedal
2754,bush
2755,shape
2756,viking
2757,fiery
2758,dwarf
2759,garb
2760,orc
2761,monotone
2762,malevolent
2763,runes
2764,walking
2765,depicted
2766,spread
2767,brute
2768,ramhorned
2769,axe
2770,necromancer
2771,inherent
2772,cliche
2773,wanted
2774,backstories
2775,distinctive
2776,selves
2777,chaacter
2778,varied
2779,skillset
2780,complement
2781,choosing
2782,mallet
2783,healer
2784,gb
2785,warriors
2786,de
2787,schemes
2788,willing
2789,zelda
2790,angel
2791,ogre
2792,pentagrams
2793,advantages
2794,trump
2795,cards
2796,merge
2797,ie
2798,offensive
2799,eclectic
2800,antler
2801,elf
2802,welldrawn
2803,otherworldly
2804,malemasculine
2805,taste
2806,conan
2807,identified
2808,forcefully
2809,kicks
2810,bored
2811,nonhumanoid
2812,offer
2813,insane
2814,emersion
2815,stop
2816,fury
2817,heart
2818,intellectual
2819,mental
2820,carries
2821,battles
2822,bases
2823,spooky
2824,performing
2825,watching
2826,spirits
2827,brawlers
2828,pairing
2829,rpgs
2830,druid
2831,theey
2832,manipulate
2833,advantage
2834,healing
2835,elsa
2836,fb
2837,formidable
2838,ax
2839,loveable
2840,friends
2841,bodies
2842,please
2843,necessarily
2844,safer
2845,skeleton
2846,shirtless
2847,melee
2848,combo
2849,adult
2850,baby
2851,pixar
2852,animation
2853,dg
2854,wow
2855,votedaccording
2856,bear
2857,pirate
2858,nose
2859,blush
2860,bushy
2861,suitcase
2862,portrayed
2863,kids
2864,thatll
2865,screen
2866,childish
2867,seriously
2868,magenta
2869,promise
2870,scrappy
2871,highend
2872,professionally
2873,list
2874,exposed
2875,cartoonlike
2876,ther
2877,changed
2878,everywhere
2879,havent
2880,sweet
2881,mighty
2882,proportional
2883,experiences
2884,glitz
2885,glory
2886,expressing
2887,thoughts
2888,line
2889,axes
2890,se
2891,haired
2892,rounded
2893,midsection
2894,lacking
2895,fs
2896,appreciate
2897,cheap
2898,lowbudget
2899,poorlymade
2900,chibi
2901,styled
2902,issues
2903,oversized
2904,straight
2905,childrens
2906,cartoony
2907,gandalf
2908,let
2909,wielding
2910,oldthe
2911,toony
2912,overused
2913,exagerated
2914,massively
2915,incent
2916,comfort
2917,school
2918,potencial
2919,mature
2920,simpler
2921,therell
2922,mannerisms
2923,depends
2924,categories
2925,male
2926,figures
2927,hyper
2928,tinge
2929,losing
2930,voluptuous
2931,violent
2932,vivi
2933,ffsecond
2934,manly
2935,axesthird
2936,amfifth
2937,pandering
2938,gaze
2939,community
2940,clothessixth
2941,chioce
2942,child
2943,children
2944,manso
2945,toonseventh
2946,girlfinal
2947,cares
2948,popular
2949,minority
2950,exaggerate
2951,frozen
2952,ordinary
2953,cohesion
2954,anna
2955,cartoonyyetrealistic
2956,featured
2957,nostalgic
2958,exited
2959,meet
2960,desirable
2961,feast
2962,examples
2963,explain
2964,simplified
2965,smoothed
2966,adults
2967,adventuresome
2968,troll
2969,effort
2970,ages
2971,creases
2972,boxy
2973,rd
2974,grader
2975,drew
2976,bestlooking
2977,beliefs
2978,eb
2979,favorites
2980,masculine
2981,medieval
2982,gamehe
2983,likenesses
2984,panel
2985,artists
2986,computer
2987,generated
2988,modeling
2989,merits
2990,gritty
2991,presentation
2992,imaginary
2993,production
2994,monochromatic
2995,toy
2996,tries
2997,blocky
2998,retains
2999,incentive
3000,desire
3001,cv
3002,bring
3003,motivation
3004,articulated
3005,captivate
3006,passionate
3007,crappy
3008,alot
3009,hilarious
3010,medevial
3011,times
3012,lastly
3013,watch
3014,unwind
3015,heavily
3016,rpgaction
3017,clash
3018,discern
3019,fond
3020,costumes
3021,comprehend
3022,gamers
3023,accustomed
3024,flare
3025,distinction
3026,complexity
3027,respect
3028,seriousness
3029,eyebrows
3030,beard
3031,consistency
3032,distinguish
3033,significant
3034,minimal
3035,limits
3036,absence
3037,ears
3038,blank
3039,distinguished
3040,afford
3041,greatest
3042,tower
3043,spells
3044,town
3045,bird
3046,unfinished
3047,realisticlifelike
3048,blocklike
3049,noble
3050,liking
3051,comical
3052,respective
3053,sides
3054,fuzzy
3055,mood
3056,choicesb
3057,abstract
3058,geometry
3059,finished
3060,blend
3061,boxier
3062,u
3063,shades
3064,meaningful
3065,interestingb
3066,staff
3067,squished
3068,lift
3069,mid
3070,wooden
3071,beam
3072,upcoming
3073,shaped
3074,disney
3075,maintains
3076,heroic
3077,spectrum
3078,gnomish
3079,problem
3080,identity
3081,defined
3082,inquisitive
3083,steal
3084,providing
3085,lookout
3086,passion
3087,harsh
3088,field
3089,communicating
3090,defended
3091,cape
3092,helped
3093,affected
3094,wind
3095,determined
3096,brand
3097,uneven
3098,listed
3099,apocopate
3100,expressive
3101,cell
3102,shaded
3103,cheapens
3104,favorable
3105,regards
3106,ideas
3107,celshaded
3108,winners
3109,water
3110,jug
3111,belt
3112,smooth
3113,surface
3114,misaligned
3115,nonexistent
3116,adapted
3117,bill
3118,stylizing
3119,scratchy
3120,wont
3121,stakes
3122,finisha
3123,interestingd
3124,minor
3125,turns
3126,undertone
3127,negligible
3128,conquers
3129,messes
3130,rendition
3131,rendering
3132,vintage
3133,attempts
3134,realistically
3135,blacked
3136,spear
3137,masters
3138,sizes
3139,convincing
3140,inbetween
3141,cartoons
3142,robin
3143,hood
3144,fox
3145,panache
3146,category
3147,thecharacter
3148,depressing
3149,cutoff
3150,buy
3151,goodwill
3152,motivated
3153,desperation
3154,plainer
3155,fold
3156,skinnier
3157,drawings
3158,relaxing
3159,swarm
3160,medium
3161,island
3162,terrain
3163,interact
3164,formation
3165,andor
3166,maintain
3167,islands
3168,dull
3169,simply
3170,wage
3171,uniquely
3172,staggered
3173,retro
3174,virtual
3175,snes
3176,chrono
3177,trigger
3178,noisy
3179,thanks
3180,geometrical
3181,levels
3182,explorative
3183,compel
3184,sega
3185,energy
3186,structures
3187,triangle
3188,distinguishable
3189,grass
3190,land
3191,mild
3192,corner
3193,river
3194,inviting
3195,map
3196,unlike
3197,goodb
3198,overpowering
3199,initial
3200,realized
3201,enjoyed
3202,layered
3203,civ
3204,thr
3205,veer
3206,pool
3207,surrounded
3208,colour
3209,colourfull
3210,pokémons
3211,cel
3212,okami
3213,legend
3214,waker
3215,diverse
3216,incomplete
3217,whiteish
3218,infiltrators
3219,walls
3220,sea
3221,amenities
3222,house
3223,environmental
3224,arbitrary
3225,cartooney
3226,semirealism
3227,earthy
3228,abstraction
3229,opportunities
3230,tiered
3231,lingerie
3232,bests
3233,stripper
3234,entice
3235,customers
3236,tip
3237,photoshopped
3238,revealing
3239,plump
3240,sucker
3241,pantyhose
3242,exclusive
3243,youngest
3244,accentuates
3245,tattoo
3246,trashy
3247,garters
3248,thighhigh
3249,legwear
3250,tempting
3251,lipstick
3252,sternum
3253,thigh
3254,highs
3255,prettiest
3256,abdomen
3257,flabby
3258,answer
3259,mentality
3260,pink
3261,sultry
3262,gorgeous
3263,direction
3264,wander
3265,code
3266,wife
3267,naturally
3268,wonderful
3269,brapanties
3270,sheer
3271,fish
3272,net
3273,unexciting
3274,hesitant
3275,hairstyles
3276,fewer
3277,skirt
3278,catches
3279,noise
3280,piercing
3281,appealingc
3282,tan
3283,bra
3284,alluringa
3285,shade
3286,alluring
3287,depictions
3288,stylecolor
3289,unattractive
3290,wiped
3291,foggy
3292,argue
3293,lucky
3294,smokey
3295,destruction
3296,premise
3297,shelter
3298,mob
3299,question
3300,activity
3301,abandoned
3302,cars
3303,disarray
3304,moving
3305,messed
3306,shouldnt
3307,misty
3308,crumbling
3309,hint
3310,smokecloudiness
3311,safety
3312,retreat
3313,encroaching
3314,hole
3315,floors
3316,tactical
3317,gritter
3318,faded
3319,aesthetics
3320,sadly
3321,poignant
3322,vestiges
3323,cheerful
3324,grimy
3325,encapsulates
3326,eerie
3327,aspects
3328,hoard
3329,surround
3330,secured
3331,attacking
3332,attacked
3333,rundown
3334,condemned
3335,exact
3336,spot
3337,timeline
3338,matters
3339,humanity
3340,survived
3341,successful
3342,quiet
3343,interchangeable
3344,foliage
3345,thrown
3346,vehicles
3347,shambling
3348,makeshift
3349,fortifications
3350,decay
3351,random
3352,suitably
3353,isolated
3354,tense
3355,retreating
3356,constantly
3357,protected
3358,established
3359,breached
3360,desolation
3361,prevalent
3362,poles
3363,topic
3364,overrun
3365,fog
3366,bleakness
3367,objectifying
3368,safehouse
3369,waiting
3370,inevitable
3371,hordes
3372,discover
3373,smoke
3374,explosions
3375,effectively
3376,fortification
3377,finding
3378,fortifying
3379,wile
3380,sheltering
3381,carnage
3382,thrilling
3383,low
3384,empty
3385,gloomiest
3386,scenes
3387,shelters
3388,horde
3389,breakthrough
3390,fence
3391,settingd
3392,cc
3393,wholeb
3394,connect
3395,invasion
3396,period
3397,peaceful
3398,illustrating
3399,outbreak
3400,consumer
3401,generate
3402,clustered
3403,quiettoo
3404,hauntingly
3405,scavenging
3406,burnt
3407,trashed
3408,tore
3409,television
3410,programs
3411,happens
3412,surroundings
3413,gate
3414,trucks
3415,betat
3416,youve
3417,taxi
3418,lay
3419,robably
3420,becuase
3421,guts
3422,choce
3423,washed
3424,firearms
3425,trip
3426,build
3427,front
3428,saftley
3429,chasingand
3430,years
3431,warm
3432,uprising
3433,street
3434,dullards
3435,giants
3436,suspended
3437,belief
3438,spent
3439,nonzombies
3440,straightaway
3441,strongholds
3442,streams
3443,towerdefense
3444,preferably
3445,fortificationsa
3446,impossible
3447,moss
3448,call
3449,duty
3450,compare
3451,uncanny
3452,stronghold
3453,movies
3454,pile
3455,piles
3456,route
3457,cornered
3458,mist
3459,illustrate
3460,smokiness
3461,establish
3462,rudimentary
3463,defenses
3464,shore
3465,traveling
3466,ambushed
3467,previous
3468,mow
3469,leverage
3470,pristine
3471,compelling
3472,hopeless
3473,todays
3474,outset
3475,juxtaposition
3476,disrepair
3477,holdout
3478,forward
3479,funnel
3480,cwith
3481,fled
3482,midst
3483,disaster
3484,urgency
3485,urgent
3486,sell
3487,overran
3488,approaching
3489,objectsstructures
3490,streets
3491,overgrown
3492,broken
3493,damaged
3494,obsolete
3495,destructive
3496,dame
3497,considering
3498,operational
3499,thick
3500,evokes
3501,casualties
3502,desperately
3503,scarier
3504,grungy
3505,phenomenal
3506,gates
3507,turret
3508,cozy
3509,rush
3510,shots
3511,shoe
3512,hoards
3513,zombielike
3514,fencing
3515,secluded
3516,hence
3517,solo
3518,agree
3519,parking
3520,bus
3521,yellow
3522,car
3523,infested
3524,dedicated
3525,barricaded
3526,vividly
3527,whenever
3528,apocalypses
3529,supermarket
3530,food
3531,supplies
3532,gathered
3533,strategically
3534,playful
3535,headquarters
3536,compound
3537,dramatized
3538,adjusting
3539,deteriorated
3540,decade
3541,towers
3542,snipers
3543,dismal
3544,livedin
3545,desperate
3546,brink
3547,gore
3548,occur
3549,destroyed
3550,rioting
3551,gamelike
3552,volume
3553,structureenvironment
3554,decaying
3555,dilapidated
3556,destructed
3557,differentiate
3558,existence
3559,smoky
3560,precise
3561,splatters
3562,distance
3563,questionable
3564,disorganized
3565,incredibly
3566,traumatic
3567,apocalyptical
3568,thenilluatration
3569,screenshots
3570,bleak
3571,fires
3572,gunfights
3573,response
3574,smoking
3575,storming
3576,whos
3577,cement
3578,despair
3579,translate
3580,smokefog
3581,barriers
3582,safe
3583,stuck
3584,tv
3585,ambigious
3586,tragic
3587,disastrous
3588,unsafe
3589,unwelcoming
3590,systematic
3591,missing
3592,struggled
3593,directions
3594,foggiest
3595,greyness
3596,cloudy
3597,apocolytic
3598,ala
3599,mcdonalds
3600,swarming
3601,forefront
3602,refular
3603,suburb
3604,brightly
3605,organized
3606,act
3607,rationally
3608,collected
3609,eeriness
3610,obscures
3611,realisticgood
3612,obscured
3613,eg
3614,sparseness
3615,unnecessary
3616,dense
3617,partially
3618,clearing
3619,gathering
3620,village
3621,groups
3622,bandages
3623,guards
3624,spookiness
3625,organ
3626,music
3627,burning
3628,dramas
3629,conflict
3630,everyday
3631,suddenly
3632,deteriorate
3633,rapidly
3634,wideopen
3635,urban
3636,spaces
3637,grounds
3638,contest
3639,sufficiently
3640,capture
3641,somber
3642,devastation
3643,aura
3644,roofs
3645,fixing
3646,remote
3647,driving
3648,sorts
3649,mankind
3650,longer
3651,hideout
3652,country
3653,imagined
3654,queuing
3655,fortified
3656,proximity
3657,strongholdc
3658,backd
3659,controlledcnot
3660,imminent
3661,descending
3662,upset
3663,applecart
3664,camp
3665,prelude
3666,opener
3667,suspenseful
3668,shot
3669,deserted
3670,mounding
3671,eeking
3672,locking
3673,beginning
3674,seeking
3675,imageoption
3676,takeover
3677,flash
3678,battling
3679,encroachment
3680,busyness
3681,keeps
3682,void
3683,plentiful
3684,imagines
3685,populous
3686,lives
3687,desparate
3688,il
3689,lok
3690,secondly
3691,needed
3692,tatty
3693,decrepit
3694,paint
3695,upsetting
3696,protection
3697,capturing
3698,imaginezombies
3699,fort
3700,affair
3701,central
3702,defensable
3703,imo
3704,wasteland
3705,cash
3706,itll
3707,silence
3708,dramatically
3709,encroached
3710,retreated
3711,struggling
3712,piled
3713,truest
3714,react
3715,pandemics
3716,protests
3717,worsen
3718,readersviewers
3719,rising
3720,property
3721,victims
3722,immediate
3723,shoot
3724,postapocalytic
3725,saturation
3726,photos
3727,houses
3728,event
3729,students
3730,prevail
3731,nonthinking
3732,eventually
3733,overcome
3734,occupy
3735,relying
3736,fences
3737,bay
3738,convince
3739,vulnerable
3740,nightmare
3741,acruately
3742,started
3743,indicate
3744,ongoing
3745,nearby
3746,select
3747,springtime
3748,evacuate
3749,panicked
3750,sheltered
3751,states
3752,rampant
3753,loose
3754,envisioned
3755,clarifying
3756,bitterly
3757,shleter
3758,alternatives
3759,mayhem
3760,reallife
3761,band
3762,eating
3763,awesomec
3764,ita
3765,itb
3766,continuous
3767,feed
3768,killed
3769,stroll
3770,sight
3771,spacious
3772,convoluted
3773,un
3774,neccessary
3775,thank
3776,trapped
3777,settlement
3778,roof
3779,rushes
3780,shambles
3781,attackers
3782,cover
3783,shooters
3784,opening
3785,unless
3786,theye
3787,civilian
3788,featuring
3789,stephen
3790,king
3791,establishing
3792,pic
3793,representing
3794,encampment
3795,technically
3796,hungry
3797,converging
3798,hive
3799,exposing
3800,oneself
3801,openly
3802,zoomed
3803,illustrates
3804,serenity
3805,impending
3806,evocation
3807,unorganized
3808,optimistic
3809,swarms
3810,darkest
3811,grittiest
3812,realist
3813,satire
3814,twisted
3815,borderlands
3816,graphical
3817,augment
3818,twistedness
3819,mainstream
3820,peace
3821,medlee
3822,chills
3823,basically
3824,suggestion
3825,wreak
3826,havoc
3827,flora
3828,infrastructure
3829,milled
3830,kept
3831,growing
3832,fallen
3833,continue
3834,smokier
3835,downtrodden
3836,condition
3837,destitute
3838,panic
3839,idyllic
3840,wandering
3841,thered
3842,zone
3843,fortnite
3844,dying
3845,wrecked
3846,vines
3847,invasions
3848,hypothetical
3849,clearlyvisible
3850,hideaway
3851,noted
3852,hideouts
3853,holed
3854,endofdays
3855,lining
3856,chainlink
3857,flesh
3858,unharmed
3859,signs
3860,distress
3861,average
3862,sunny
3863,overcast
3864,jungle
3865,undamaged
3866,ozark
3867,netflix
3868,perceived
3869,fulfill
3870,temporary
3871,dwelling
3872,ordered
3873,lived
3874,grown
3875,taxis
3876,edgier
3877,frantic
3878,barrier
3879,abandon
3880,ever
3881,handful
3882,perimeter
3883,hunker
3884,housebuilding
3885,woods
3886,buses
3887,optionpick
3888,actively
3889,unlikeliness
3890,selfsustained
3891,accesses
3892,aside
3893,merit
3894,contenders
3895,constant
3896,odds
3897,vital
3898,fenced
3899,farmhouse
3900,laying
3901,written
3902,bare
3903,gated
3904,tapers
3905,glance
3906,apoclypse
3907,ugent
3908,hord
3909,ca
3910,withstand
3911,assault
3912,minus
3913,inclusion
3914,cities
3915,towns
3916,holds
3917,siege
3918,ditch
3919,amounts
3920,regrouping
3921,clearest
3922,pushing
3923,deeper
3924,graphically
3925,indication
3926,properly
3927,heard
3928,spruced
3929,stir
3930,splatter
3931,messy
3932,tidy
3933,scent
3934,trickling
3935,someones
3936,bother
3937,compoundbase
3938,prevent
3939,struggles
3940,optuon
3941,vehicle
3942,warzone
3943,road
3944,overtake
3945,stopped
3946,wilderness
3947,hardcore
3948,consistently
3949,stressful
3950,survivalmode
3951,forgotten
3952,vanity
3953,deceptive
3954,femininity
3955,trust
3956,assertive
3957,perceive
3958,lightly
3959,constructed
3960,alike
3961,clarity
3962,sloppily
3963,fantasies
3964,abnormal
3965,quirky
3966,quasirealistic
3967,scenarios
3968,hardy
3969,careless
3970,mile
3971,bada
3972,viewed
3973,reading
3974,immature
3975,uncomfortable
3976,imaginative
3977,def
3978,gratuitous
3979,sensuality
3980,wars
3981,haircuts
3982,smiles
3983,ambush
3984,rare
3985,cartoonist
3986,fightingsurvival
3987,mode
3988,confront
3989,wimpy
3990,grimly
3991,realisticlooking
3992,heroine
3993,primed
3994,demure
3995,softness
3996,wellequipped
3997,functional
3998,supermodel
3999,fair
4000,skill
4001,booky
4002,seeming
4003,celebrity
4004,chick
4005,imp
4006,riff
4007,mom
4008,terminator
4009,hostly
4010,sombies
4011,apple
4012,perky
4013,placement
4014,handy
4015,alert
4016,arises
4017,vicariously
4018,dog
4019,tags
4020,values
4021,bandage
4022,faceoption
4023,leg
4024,wrapped
4025,pulled
4026,aoption
4027,isney
4028,eragon
4029,pg
4030,emotionally
4031,circumstance
4032,friendlier
4033,occasionally
4034,unfashionable
4035,watched
4036,episodes
4037,shortshorts
4038,fitted
4039,sturdierlooking
4040,lessrealistic
4041,fictional
4042,elflike
4043,practicality
4044,badasses
4045,gal
4046,arrive
4047,apprehensive
4048,encountering
4049,instagram
4050,influencer
4051,patronizing
4052,severity
4053,conversely
4054,snarkiness
4055,grittier
4056,brave
4057,anybody
4058,dirtiness
4059,coverage
4060,bitten
4061,zombiesscratched
4062,scratched
4063,rusty
4064,crap
4065,infection
4066,participating
4067,skirtas
4068,gamey
4069,reads
4070,writes
4071,pa
4072,fiction
4073,crop
4074,mone
4075,seriousminded
4076,forth
4077,eager
4078,equippedb
4079,born
4080,pathogenszombies
4081,aestheticc
4082,survivalist
4083,pics
4084,cleaned
4085,frolic
4086,resilient
4087,state
4088,harm
4089,lurking
4090,demolish
4091,ask
4092,questions
4093,smirk
4094,gits
4095,hearted
4096,lastranked
4097,conjured
4098,fanciful
4099,laughing
4100,joy
4101,diet
4102,improve
4103,performance
4104,stamina
4105,perform
4106,restless
4107,reduce
4108,aforementioned
4109,led
4110,tested
4111,cuter
4112,sympathize
4113,hated
4114,plainly
4115,correct
4116,accuracy
4117,wound
4118,related
4119,fluid
4120,secret
4121,notable
4122,exceptions
4123,plants
4124,unnerved
4125,leaning
4126,greatly
4127,poly
4128,crude
4129,pointy
4130,devices
4131,round
4132,softer
4133,safely
4134,pocket
4135,digital
4136,alteration
4137,esp
4138,animations
4139,ti
4140,faced
4141,rampage
4142,beaten
4143,rent
4144,lara
4145,croft
4146,meets
4147,katniss
4148,everdeen
4149,traumatized
4150,chipper
4151,jaunty
4152,render
4153,grit
4154,often
4155,brutal
4156,flippant
4157,torn
4158,snow
4159,expectations
4160,satirical
4161,sardonic
4162,intentionally
4163,mocking
4164,ugliness
4165,disneyesque
4166,bioshock
4167,sunburn
4168,missions
4169,agility
4170,suites
4171,trend
4172,upgrade
4173,womans
4174,toughened
4175,hunter
4176,jovial
4177,sparkly
4178,essential
4179,mona
4180,lisa
4181,detracts
4182,stoic
4183,archetype
4184,defeating
4185,fleeing
4186,dolledup
4187,battleworn
4188,sportscoat
4189,miniskirt
4190,incorporated
4191,smug
4192,staving
4193,charectr
4194,exhibits
4195,solidly
4196,stern
4197,drastic
4198,altogether
4199,relaxed
4200,tastes
4201,pig
4202,tails
4203,psychopath
4204,joker
4205,assistance
4206,batmen
4207,entertainment
4208,lighthearted
4209,films
4210,z
4211,adopt
4212,anyhting
4213,trench
4214,blackgreybrown
4215,cutsinjuries
4216,antibiotics
4217,efficient
4218,buffy
4219,vampire
4220,boldest
4221,semi
4222,recommend
4223,despite
4224,hopeful
4225,miserable
4226,recreate
4227,encroach
4228,existencehumans
4229,calmfearless
4230,preparedness
4231,circular
4232,object
4233,gimmicky
4234,l
4235,explained
4236,helping
4237,clue
4238,firstly
4239,worked
4240,obtain
4241,funky
4242,mousy
4243,oddly
4244,villain
4245,lookes
4246,optio
4247,serves
4248,symbolically
4249,princessy
4250,significance
4251,sympathetic
4252,firs
4253,eaten
4254,mushrooms
4255,star
4256,craft
4257,richer
4258,unsure
4259,soda
4260,lily
4261,pads
4262,builder
4263,realm
4264,upgrading
4265,ui
4266,trash
4267,ton
4268,tiled
4269,restricted
4270,tiles
4271,coca
4272,cola
4273,cans
4274,bees
4275,ants
4276,forage
4277,park
4278,metal
4279,wood
4280,icons
4281,directing
4282,serene
4283,plant
4284,coke
4285,prominence
4286,materials
4287,microtransactions
4288,speed
4289,ubiquitous
4290,ultimately
4291,grind
4292,strategywar
4293,gather
4294,kingdom
4295,execution
4296,pond
4297,frogs
4298,blatant
4299,advertising
4300,shorline
4301,swamp
4302,bugs
4303,murky
4304,disgusting
4305,garbage
4306,transport
4307,realities
4308,satisfy
4309,achievements
4310,recognition
4311,smurfs
4312,reference
4313,produce
4314,negative
4315,outdated
4316,overseeing
4317,pseudo
4318,leaf
4319,raft
4320,salvaged
4321,mechanics
4322,resource
4323,collectingmanaging
4324,colony
4325,touches
4326,pondswamp
4327,extras
4328,included
4329,cup
4330,provided
4331,smaller
4332,board
4333,cluttered
4334,fonts
4335,confused
4336,begin
4337,timer
4338,timers
4339,skip
4340,citycivilization
4341,icon
4342,veered
4343,borderline
4344,concerned
4345,licensing
4346,landhouse
4347,progresses
4348,relax
4349,cocacola
4350,backyard
4351,honey
4352,shrunk
4353,shroom
4354,homes
4355,pay
4356,function
4357,vip
4358,abysmal
4359,junk
4360,interface
4361,rtts
4362,crafting
4363,whether
4364,units
4365,npcs
4366,basebuilding
4367,beautifully
4368,tilemoving
4369,gameworldbuilding
4370,worth
4371,construction
4372,worker
4373,shovel
4374,swordsman
4375,fortreess
4376,spec
4377,ops
4378,charcters
4379,ike
4380,medical
4381,unconventional
4382,snipertype
4383,perished
4384,chalk
4385,covid
4386,nurse
4387,katana
4388,burly
4389,crane
4390,hook
4391,spiked
4392,click
4393,heroes
4394,kitten
4395,risks
4396,accessories
4397,jobs
4398,sidekick
4399,charachtes
4400,tryin
4401,interpretation
4402,whod
4403,clicked
4404,underdog
4405,collector
4406,headed
4407,training
4408,caretaker
4409,modified
4410,orange
4411,bites
4412,flanked
4413,doomsday
4414,evolve
4415,snipe
4416,tank
4417,dogs
4418,tuff
4419,fireman
4420,poised
4421,firefighter
4422,destroyer
4423,chainsaw
4424,skateboard
4425,bat
4426,nails
4427,batman
4428,summon
4429,mobility
4430,shield
4431,robust
4432,mindset
4433,attitudes
4434,eother
4435,dos
4436,logger
4437,resourceful
4438,transformed
4439,gear
4440,blast
4441,skateboarder
4442,skater
4443,unfold
4444,weaknesses
4445,fo
4446,fashionista
4447,thatd
4448,harley
4449,quinn
4450,freestyle
4451,hav
4452,efun
4453,ky
4454,whacky
4455,rocky
4456,tangle
4457,presumably
4458,youll
4459,vector
4460,looing
4461,obviously
4462,tanks
4463,assuming
4464,baseball
4465,facepaint
4466,skating
4467,hilariously
4468,fest
4469,mattered
4470,bashing
4471,maniac
4472,emergency
4473,services
4474,workers
4475,doctors
4476,sens
4477,engenderment
4478,professions
4479,tacky
4480,killers
4481,uncommon
4482,allowing
4483,polygonal
4484,fade
4485,irrelevance
4486,criminal
4487,notch
4488,stiff
4489,n
4490,pixilation
4491,breath
4492,sized
4493,seemingly
4494,roles
4495,juvenile
4496,wiht
4497,apocalypic
4498,esque
4499,lass
4500,fascinating
4501,divorced
4502,extreme
4503,rt
4504,tall
4505,squint
4506,resolution
4507,exception
4508,unexpected
4509,matchymatchy
4510,passes
4511,silhouette
4512,admittedly
4513,adapt
4514,abundant
4515,difficulties
4516,app
4517,welldefined
4518,identifying
4519,apparel
4520,pinks
4521,note
4522,thematic
4523,ways
4524,transform
4525,root
4526,leans
4527,shadinglighting
4528,renderings
4529,drap
4530,pep
4531,orientation
4532,inclusive
4533,array
4534,forgot
4535,aeon
4536,flux
4537,wowing
4538,checking
4539,static
4540,grays
4541,blacks
4542,saturated
4543,simplify
4544,developed
4545,standards
4546,firemans
4547,box
4548,katanas
4549,knowledge
4550,untouchable
4551,diversity
4552,scavenged
4553,heros
4554,waiflike
4555,ill
4556,proportionally
4557,meaner
4558,depend
4559,splashes
4560,irrelevant
4561,alikes
4562,pardon
4563,collective
4564,grouping
4565,theyve
4566,eapons
4567,funnier
4568,noramlized
4569,surprised
4570,structural
4571,outer
4572,shadings
4573,mixes
4574,endless
4575,endure
4576,creating
4577,include
4578,preapocalyptic
4579,answers
4580,rougher
4581,train
4582,tumble
4583,unsavory
4584,playstyles
4585,wildly
4586,craneworker
4587,schoolgirl
4588,newly
4589,invented
4590,awhile
4591,dainty
4592,beating
4593,served
4594,goodinteresting
4595,louder
4596,thrust
4597,tow
4598,distinguishes
4599,pumped
4600,badder
4601,strongly
4602,folks
4603,causal
4604,commonly
4605,daily
4606,font
4607,menus
4608,page
4609,emphasizes
4610,boxes
4611,iconsimages
4612,imagesicons
4613,surrounds
4614,fro
4615,compete
4616,panels
4617,button
4618,menustyle
4619,navigation
4620,zoom
4621,mez
4622,brightest
4623,sharpest
4624,nintendos
4625,borders
4626,blurred
4627,lately
4628,happier
4629,card
4630,aci
4631,stock
4632,blends
4633,becomes
4634,waist
4635,wider
4636,nebulous
4637,backpack
4638,sidebar
4639,wantedthe
4640,annoying
4641,dots
4642,application
4643,gothiclike
4644,width
4645,circle
4646,browns
4647,utilizing
4648,spelled
4649,tool
4650,tile
4651,control
4652,controls
4653,cheery
4654,brought
4655,uplifting
4656,calming
4657,navigate
4658,legible
4659,distracts
4660,interfaces
4661,tophome
4662,dream
4663,appreciated
4664,nicest
4665,mystique
4666,shadowy
4667,happiness
4668,associates
4669,colorfulness
4670,favourite
4671,sections
4672,pinpoint
4673,brooding
4674,thicker
4675,heaviness
4676,frame
4677,loved
4678,suggests
4679,screenshot
4680,includes
4681,row
4682,thise
4683,dota
4684,redder
4685,graphicswords
4686,buttons
4687,adolescences
4688,allowed
4689,colorthe
4690,awesomeperfect
4691,embolden
4692,correspond
4693,unicolor
4694,scenic
4695,bottommost
4696,inventory
4697,investment
4698,muddy
4699,detriment
4700,schene
4701,hazy
4702,meim
4703,modernso
4704,thereof
4705,unremarkable
4706,beats
4707,fortresses
4708,penetrate
4709,gargantuan
4710,dimensions
4711,helipad
4712,avengers
4713,mechanical
4714,anticipate
4715,brawn
4716,aircraft
4717,carrier
4718,stilts
4719,industrial
4720,robots
4721,robot
4722,dissembled
4723,tracks
4724,system
4725,fetch
4726,defensible
4727,countless
4728,deploy
4729,sites
4730,slender
4731,limber
4732,wheels
4733,movements
4734,tracked
4735,interestedc
4736,hides
4737,hospital
4738,buildingd
4739,poorb
4740,shake
4741,bigness
4742,itimidating
4743,separately
4744,accordingly
4745,configuration
4746,sepia
4747,gi
4748,joe
4749,jawa
4750,sturdy
4751,toppled
4752,broader
4753,climb
4754,dominant
4755,r
4756,eliminating
4757,decided
4758,block
4759,intricate
4760,expanse
4761,stable
4762,pyramid
4763,attached
4764,interior
4765,installations
4766,tremendous
4767,unbelievable
4768,dyou
4769,featuresc
4770,spaceship
4771,designa
4772,crafted
4773,slick
4774,greatb
4775,flexible
4776,baron
4777,alienish
4778,modernfuturistic
4779,revolving
4780,fantasycastle
4781,fantasylike
4782,operating
4783,battlefield
4784,ghettovillage
4785,concentration
4786,clearance
4787,reduces
4788,visibility
4789,reddish
4790,advanced
4791,aerodynamic
4792,comparable
4793,mars
4794,rover
4795,moveable
4796,ravished
4797,travels
4798,sitting
4799,deck
4800,onis
4801,ship
4802,movable
4803,beach
4804,default
4805,hellscape
4806,reddishorange
4807,greener
4808,craters
4809,pollution
4810,habitating
4811,eagerness
4812,repeatedly
4813,desolate
4814,clunky
4815,conqueringconquest
4816,crater
4817,egyptian
4818,hues
4819,rejuvenating
4820,answered
4821,treated
4822,royalty
4823,teaches
4824,trained
4825,grew
4826,privileged
4827,families
4828,disliked
4829,privilege
4830,concepts
4831,dude
4832,wizards
4833,alchemysteampunk
4834,supercool
4835,definite
4836,jack
4837,sparrow
4838,proud
4839,roll
4840,suspect
4841,rings
4842,gandolf
4843,impressed
4844,portraits
4845,royal
4846,valiant
4847,flag
4848,nation
4849,homelands
4850,adventurer
4851,gaining
4852,classes
4853,misses
4854,mark
4855,loving
4856,subjects
4857,gladly
4858,guide
4859,nonplayer
4860,oppressive
4861,regime
4862,technologically
4863,minded
4864,contraptions
4865,swift
4866,cunning
4867,cleopatralike
4868,proficient
4869,reign
4870,humble
4871,wozards
4872,mission
4873,fame
4874,respectable
4875,bandit
4876,mage
4877,engineer
4878,summoner
4879,dominating
4880,achieving
4881,steam
4882,ginger
4883,synth
4884,electronic
4885,johnny
4886,depp
4887,petlooking
4888,cartoonlooking
4889,persian
4890,preciouslooking
4891,sexylooking
4892,childlike
4893,beginnings
4894,fellowship
4895,meeting
4896,charachters
4897,captain
4898,echelon
4899,meetthe
4900,whoch
4901,jewels
4902,caricatures
4903,pirates
4904,detective
4905,solve
4906,theories
4907,puzzles
4908,angular
4909,earlier
4910,caribbean
4911,militaristic
4912,pretentious
4913,wizardtype
4914,wiser
4915,literally
4916,cleopatra
4917,reanimating
4918,queen
4919,bucks
4920,stereotypes
4921,quests
4922,seek
4923,advice
4924,youthful
4925,heavier
4926,inspire
4927,enthusiasm
4928,genericlooking
4929,showcases
4930,customizability
4931,razor
4932,race
4933,faith
4934,rule
4935,persuaded
4936,exceptional
4937,rats
4938,mice
4939,ecosystem
4940,africa
4941,growth
4942,seeds
4943,mouse
4944,wouldve
4945,melting
4946,railroad
4947,repurposed
4948,pin
4949,reluctant
4950,adventerous
4951,morale
4952,honorable
4953,centers
4954,introduce
4955,miss
4956,wizardy
4957,drunkard
4958,chooosein
4959,smuggler
4960,distill
4961,ranger
4962,stays
4963,cloaked
4964,smarter
4965,scout
4966,messenger
4967,greedy
4968,gandolph
4969,spy
4970,bidding
4971,courageous
4972,behold
4973,interacts
4974,fellow
4975,achieve
4976,aspire
4977,wrench
4978,rally
4979,supporting
4980,forst
4981,ters
4982,mischievous
4983,thgold
4984,unrelated
4985,entails
4986,possesses
4987,harnessed
4988,horse
4989,mouserat
4990,rag
4991,worldi
4992,mechanic
4993,awe
4994,inspires
4995,overlooking
4996,patch
4997,rex
4998,dino
4999,dinosaur
5000,grainy
5001,pixelated
5002,digitized
5003,offering
5004,swag
5005,dinosaurs
5006,cigarette
5007,pixelcartoonstyle
5008,jarring
5009,nft
5010,characaters
5011,cigarettes
5012,dinos
5013,whatnot
5014,velocraptor
5015,favs
5016,classiness
5017,oozes
5018,charisma
5019,humorous
5020,informative
5021,digitalized
5022,likable
5023,romanticized
5024,evoke
5025,romantic
5026,warfare
5027,painting
5028,health
5029,repulsive
5030,superior
5031,cgi
5032,disneypixar
5033,ago
5034,benign
5035,teeth
5036,pixel
5037,suave
5038,welldesigned
5039,immersivethe
5040,disconcerting
5041,trex
5042,warlike
5043,daisy
5044,chair
5045,vicious
5046,fans
5047,sniffing
5048,rose
5049,gangsta
5050,cigar
5051,accessory
5052,oldschool
5053,gangstersinister
5054,revels
5055,booklike
5056,handsome
5057,smelling
5058,ealistic
5059,smoother
5060,acbd
5061,compressed
5062,distortions
5063,fe
5064,mafia
5065,jaggedpixelated
5066,stegosaurus
5067,handed
5068,sonweord
5069,fashion
5070,merely
5071,oh
5072,scars
5073,boredape
5074,fad
5075,reptile
5076,nonsensical
5077,triceratops
5078,livelier
5079,prime
5080,customer
5081,instinct
5082,lovely
5083,nfts
5084,dbc
5085,fmore
5086,wartime
5087,pe
5088,substantially
5089,hanging
5090,rating
5091,throwback
5092,rubbery
5093,ironic
5094,peaks
5095,cleancut
5096,retrobit
5097,luck
5098,nosed
5099,dimensional
5100,collecting
5101,talonsclaws
5102,golf
5103,retain
5104,shift
5105,steampunk
5106,roster
5107,aggregate
5108,originality
5109,dealt
5110,share
5111,spunky
5112,masses
5113,ard
5114,breakout
5115,overkill
5116,occupation
5117,cartoonyi
5118,occupations
5119,drone
5120,amongst
5121,underlying
5122,deisgned
5123,indiecompany
5124,armors
5125,polish
5126,grunge
5127,playfulness
5128,lifesaving
5129,lifetaking
5130,modernized
5131,sharpness
5132,tbecause
5133,disjointed
5134,slowing
5135,changing
5136,improvised
5137,lose
5138,ooption
5139,tourist
5140,incorporates
5141,violet
5142,dripping
5143,strongman
5144,wit
5145,athlete
5146,stretch
5147,painted
5148,bag
5149,transitioned
5150,preapocolyptic
5151,apocolypse
5152,continues
5153,flourescent
5154,recognize
5155,nonsense
5156,worldview
5157,culture
5158,conveying
5159,evoked
5160,universe
5161,alice
5162,wonderland
5163,transported
5164,views
5165,ordeals
5166,habitats
5167,undergoing
5168,treasure
5169,hunting
5170,fascinated
5171,colonies
5172,eventful
5173,twists
5174,ratchet
5175,clank
5176,jak
5177,latest
5178,god
5179,importantly
5180,dishonored
5181,overwatch
5182,rarely
5183,associated
5184,executed
5185,destiny
5186,hopes
5187,scroller
5188,bee
5189,warhammer
5190,boys
5191,accessorized
5192,roleplaying
5193,jiving
5194,physics
5195,mario
5196,cod
5197,beetles
5198,mmo
5199,eahg
5200,tasks
5201,questioning
5202,shooter
5203,dominance
5204,colonys
5205,photorealistic
5206,insecticons
5207,aversion
5208,dreamworks
5209,makings
5210,thrills
5211,orderwhichever
5212,oneonone
5213,envisioning
5214,explorebut
5215,interestedin
5216,paints
5217,videogame
5218,alices
5219,daring
5220,hollow
5221,knight
5222,powering
5223,unlocking
5224,knock
5225,nailed
5226,vantage
5227,nasty
5228,overdo
5229,spin
5230,talking
5231,loves
5232,robes
5233,gotti
5234,sublime
5235,adore
5236,yakuza
5237,yakuzas
5238,member
5239,japanese
5240,dapper
5241,reds
5242,expensive
5243,designer
5244,sunglasses
5245,hierarchal
5246,flamboyant
5247,fac
5248,gentleman
5249,luxurious
5250,lifestyle
5251,symbolism
5252,enterprise
5253,silk
5254,sheathed
5255,leading
5256,delegating
5257,symbolic
5258,criminals
5259,material
5260,cane
5261,flamboyance
5262,reflective
5263,vacation
5264,samuri
5265,westernized
5266,zen
5267,kimonos
5268,respects
5269,kimono
5270,racist
5271,shinobu
5272,flashing
5273,breadth
5274,elegance
5275,leys
5276,john
5277,operate
5278,streotypical
5279,empires
5280,modernization
5281,yukuza
5282,japan
5283,liker
5284,idealize
5285,congruent
5286,welldressed
5287,midranking
5288,supposedly
5289,idealizes
5290,modeled
5291,itd
5292,sleekness
5293,coldness
5294,headon
5295,glare
5296,shinobus
5297,cleverly
5298,combines
5299,crowbar
5300,weatherbeaten
5301,shave
5302,moisturize
5303,flannel
5304,lessens
5305,criminality
5306,communicates
5307,characterf
5308,seriousa
5309,embraced
5310,patternb
5311,martial
5312,arts
5313,leaderd
5314,shirta
5315,overdoing
5316,triggers
5317,jarule
5318,respectively
5319,forever
5320,bothers
5321,pleased
5322,kevin
5323,troublesome
5324,harden
5325,troubled
5326,misunderstood
5327,bossed
5328,adolescence
5329,lover
5330,ganster
5331,sterotype
5332,expresses
5333,resentful
5334,ashamed
5335,stocking
5336,cap
5337,ghetto
5338,jenner
5339,chnagr
5340,adoptive
5341,family
5342,hoodie
5343,orphaned
5344,cared
5345,camouflage
5346,incompetent
5347,unable
5348,hitman
5349,decision
5350,sweetness
5351,alarming
5352,bald
5353,gotta
5354,radar
5355,dmx
5356,cammo
5357,zipper
5358,yankee
5359,sill
5360,friendliness
5361,inexperienced
5362,joined
5363,picturing
5364,wantabe
5365,unreal
5366,shaka
5367,hails
5368,rastafarian
5369,roots
5370,dating
5371,century
5372,dreds
5373,edged
5374,htown
5375,chains
5376,jamaican
5377,panther
5378,portrayals
5379,competency
5380,rap
5381,golden
5382,badi
5383,sterotypical
5384,charactera
5385,fin
5386,basicd
5387,tshirt
5388,authoritativeb
5389,plating
5390,iconic
5391,bossc
5392,optionc
5393,spirit
5394,toting
5395,prioritized
5396,sly
5397,pizazz
5398,demeanors
5399,enforcer
5400,authoritarian
5401,conniving
5402,neck
5403,pays
5404,homage
5405,weed
5406,stoner
5407,foremost
5408,cautious
5409,racial
5410,undertones
5411,iron
5412,traitors
5413,fist
5414,snap
5415,anger
5416,retaliation
5417,regarding
5418,dapperness
5419,idgaf
5420,blinged
5421,michael
5422,jordan
5423,represnted
5424,gangstermafia
5425,symbolizes
5426,toner
5427,crooked
5428,hopper
5429,stranger
5430,reminding
5431,corrupt
5432,cops
5433,hats
5434,anymore
5435,riot
5436,caveat
5437,druthers
5438,crookeddisloyal
5439,media
5440,vilifying
5441,deaf
5442,roughest
5443,meanest
5444,baton
5445,unfaithful
5446,sleezebag
5447,asshole
5448,crouching
5449,reactionsa
5450,argumentative
5451,characterc
5452,official
5453,week
5454,rogue
5455,brock
5456,lesnar
5457,relatively
5458,lettering
5459,logoinsignia
5460,department
5461,underfunded
5462,hardest
5463,compassion
5464,tom
5465,lens
5466,armand
5467,perception
5468,selfish
5469,rectangular
5470,news
5471,protesters
5472,decades
5473,lesner
5474,worrisome
5475,tonl
5476,bent
5477,jerk
5478,relative
5479,pathetic
5480,coward
5481,barring
5482,dropout
5483,ktown
5484,nerd
5485,mit
5486,table
5487,knocking
5488,unmotivatedd
5489,drop
5490,memories
5491,referring
5492,korean
5493,bangers
5494,flashier
5495,dropped
5496,handbags
5497,sametime
5498,sweatshirt
5499,graduated
5500,budding
5501,modest
5502,corny
5503,obnoxious
5504,tends
5505,stack
5506,doingb
5507,confidentd
5508,posturec
5509,throwing
5510,overdressed
5511,underdressed
5512,msot
5513,shos
5514,gan
5515,factory
5516,affinity
5517,jeans
5518,glenn
5519,bucket
5520,floppy
5521,kims
5522,intents
5523,activities
5524,narrated
5525,kim
5526,student
5527,teenager
5528,idiot
5529,listener
5530,talker
5531,clever
5532,fels
5533,adjust
5534,sweater
5535,mentally
5536,illegal
5537,boxing
5538,synopsis
5539,immidinating
5540,oppoents
5541,pride
5542,national
5543,boxer
5544,brawls
5545,wraps
5546,savage
5547,champ
5548,eric
5549,wanting
5550,forlorn
5551,drooped
5552,drooping
5553,dejected
5554,superhuman
5555,champions
5556,superheroes
5557,shiv
5558,mexican
5559,authenticity
5560,gut
5561,macho
5562,heritage
5563,devour
5564,attribute
5565,mexicans
5566,mexico
5567,fundamentally
5568,shady
5569,satisfied
5570,embrace
5571,anglepose
5572,championship
5573,superhero
5574,erics
5575,upbringing
5576,buff
5577,gloves
5578,adorned
5579,underscore
5580,unhappy
5581,brother
5582,murderer
5583,wreck
5584,mike
5585,haggar
5586,em
5587,mule
5588,condoms
5589,poop
5590,chute
5591,patriotism
5592,inspirational
5593,motivational
5594,touching
5595,besthe
5596,scarred
5597,danny
5598,trejo
5599,participate
5600,brawl
5601,iteration
5602,festive
5603,twentytwo
5604,fresher
5605,wrinkles
5606,gauntness
5607,braids
5608,canelo
5609,alvarez
5610,ticket
5611,volunteered
5612,prepped
5613,rebellious
5614,spunk
5615,scavenger
5616,char
5617,circumstances
5618,shoots
5619,soldieresk
5620,toned
5621,armored
5622,postapocalyptical
5623,universes
5624,risque
5625,classically
5626,apocolyptic
5627,radiates
5628,stubbornness
5629,badassery
5630,defy
5631,loud
5632,essentially
5633,cosmetically
5634,youe
5635,lesbian
5636,pistol
5637,tatoos
5638,suicide
5639,squad
5640,copy
5641,forget
5642,metric
5643,scant
5644,lips
5645,campy
5646,armageddon
5647,bikini
5648,rip
5649,heat
5650,stroke
5651,wore
5652,pain
5653,former
5654,bust
5655,knockoff
5656,invested
5657,ut
5658,splash
5659,seedy
5660,scarface
5661,irish
5662,arrogance
5663,flashysleazy
5664,caucasian
5665,nongeneric
5666,brendan
5667,ocallahan
5668,backgroundb
5669,elite
5670,cheapc
5671,vampirea
5672,texas
5673,jackets
5674,pant
5675,standout
5676,elites
5677,mingle
5678,gangs
5679,luxury
5680,italian
5681,cuban
5682,busting
5683,flex
5684,greaser
5685,sleezy
5686,shoesring
5687,shirts
5688,flashiness
5689,jewelry
5690,enjoys
5691,sloppy
5692,stereo
5693,adequate
5694,irtish
5695,formal
5696,loos
5697,crappier
5698,douchebag
5699,gambler
5700,cbead
5701,ended
5702,personifies
5703,brendans
5704,arrogant
5705,behavior
5706,five
5707,characteroption
5708,greatoption
5709,getup
5710,leo
5711,sporting
5712,meh
5713,thefuture
5714,scan
5715,theearth
5716,lawnmower
5717,device
5718,stores
5719,ten
5720,grasp
5721,source
5722,harvesting
5723,inspecting
5724,argument
5725,rind
5726,battery
5727,storing
5728,sample
5729,detect
5730,radiation
5731,contaminated
5732,proton
5733,sunlight
5734,silver
5735,advancements
5736,overloaded
5737,advances
5738,stored
5739,produced
5740,revolutionize
5741,innovation
5742,load
5743,enclosed
5744,wuipment
5745,forms
5746,prototypeish
5747,achievable
5748,resourcefulgreat
5749,contains
5750,components
5751,detector
5752,pherris
5753,purposes
5754,robotics
5755,octoman
5756,compact
5757,cases
5758,liquid
5759,toolboxe
5760,timea
5761,grinder
5762,dangerousg
5763,voltage
5764,heavyc
5765,harvest
5766,polluted
5767,exoskeletons
5768,task
5769,sources
5770,extract
5771,extracted
5772,feasible
5773,holdingoperating
5774,geiger
5775,counter
5776,laser
5777,driller
5778,bionic
5779,repairing
5780,probing
5781,analyzing
5782,external
5783,peripherals
5784,exo
5785,finds
5786,lightest
5787,technologyheavy
5788,dector
5789,samples
5790,preventing
5791,geothermal
5792,poster
5793,sterile
5794,bonded
5795,backdrop
5796,showcase
5797,empowerment
5798,closeups
5799,concentrated
5800,invoved
5801,envrionment
5802,cinematic
5803,mecha
5804,foreground
5805,shove
5806,attentiongrabbing
5807,jrpgsaction
5808,tradition
5809,desktop
5810,uncover
5811,badassness
5812,scififuturistic
5813,behinds
5814,excessively
5815,infomration
5816,gamemobile
5817,banded
5818,reside
5819,uniqueoriginal
5820,zoomedin
5821,meshing
5822,ingame
5823,innovative
5824,stimulating
5825,teamwork
5826,percent
5827,actionfilled
5828,wishy
5829,washy
5830,apoctalyptic
5831,complexthe
5832,variation
5833,prestigious
5834,closeup
5835,cataclysm
5836,darkermore
5837,fastest
5838,scrolling
5839,platform
5840,presents
5841,greenhaired
5842,hints
5843,engrossing
5844,jrpg
5845,grouped
5846,positioned
5847,buttocks
5848,affect
5849,learnable
5850,individually
5851,tea
5852,cyberpunktech
5853,cooperative
5854,newer
5855,ideals
5856,welldetailed
5857,nuclear
5858,focuses
5859,eh
5860,racing
5861,conceptprogression
5862,driver
5863,chainsaws
5864,tires
5865,fleshed
5866,message
5867,typed
5868,driven
5869,es
5870,dec
5871,junkrat
5872,editing
5873,tokyo
5874,twintail
5875,oldlooking
5876,colours
5877,mismatched
5878,encompassing
5879,decoration
5880,dope
5881,edc
5882,uncertain
5883,offroading
5884,solely
5885,sandy
5886,sand
5887,dust
5888,blowing
5889,sheen
5890,ion
5891,racecourse
5892,anarchy
5893,graffiti
5894,lights
5895,google
5896,contrasting
5897,undershirt
5898,tights
5899,wheel
5900,camera
5901,implied
5902,rejected
5903,pimps
5904,absurd
5905,makeup
5906,persons
5907,lifted
5908,offroad
5909,handdrawn
5910,mods
5911,postnuclear
5912,shoulders
5913,sustain
5914,ramming
5915,mint
5916,sleeker
5917,motion
5918,desired
5919,kiddish
5920,customized
5921,mainly
5922,grungier
5923,dirtier
5924,understanding
5925,hotrod
5926,proposed
5927,avitar
5928,bas
5929,bell
5930,bottoms
5931,birds
5932,ec
5933,modification
5934,ford
5935,mustang
5936,cd
5937,edginess
5938,extragirly
5939,battering
5940,rebellion
5941,artist
5942,excitinga
5943,modificationse
5944,suspension
5945,skind
5946,attractivec
5947,saws
5948,bumper
5949,tricked
5950,mounted
5951,jumps
5952,cobbled
5953,scrapped
5954,upward
5955,distract
5956,winning
5957,pickup
5958,steel
5959,sporty
5960,ferrari
5961,ripping
5962,phone
5963,flirt
5964,promiscuous
5965,russian
5966,hooker
5967,heroin
5968,theft
5969,auto
5970,flirting
5971,simulated
5972,date
5973,interactions
5974,allergies
5975,scummy
5976,chatbox
5977,touched
5978,turnoff
5979,conversations
5980,cigarettec
5981,coloradditional
5982,voice
5983,activated
5984,transparent
5985,funa
5986,lace
5987,conservative
5988,opaque
5989,undress
5990,push
5991,smokes
5992,porn
5993,stars
5994,fabric
5995,pooch
5996,bothering
5997,stats
5998,breast
5999,drugs
6000,openmouth
6001,unintelligent
6002,smoker
6003,foreign
6004,french
6005,current
6006,sexpot
6007,vivacious
6008,gaunt
6009,gifts
6010,earn
6011,approval
6012,lea
6013,seydoux
6014,gross
6015,respond
6016,conversation
6017,loojs
6018,arousing
6019,strung
6020,alcohol
6021,endowed
6022,perverted
6023,smokers
6024,network
6025,stressing
6026,prostitute
6027,stressed
6028,assistant
6029,da
6030,jaded
6031,beauty
6032,pump
6033,enhances
6034,slutty
6035,milder
6036,srink
6037,moreno
6038,alsp
6039,ipen
6040,inlove
6041,success
6042,walker
6043,district
6044,attorney
6045,attentiona
6046,relieve
6047,stressc
6048,classier
6049,favored
6050,bars
6051,promoting
6052,emma
6053,whore
6054,stifflers
6055,accounts
6056,wardrobe
6057,detached
6058,attorneys
6059,callher
6060,ada
6061,eastern
6062,vapid
6063,destroy
6064,careful
6065,lawyer
6066,partying
6067,seeks
6068,crossover
6069,headdress
6070,crown
6071,jewlery
6072,signal
6073,importance
6074,olympia
6075,lookin
6076,commoners
6077,servants
6078,hue
6079,enchantment
6080,greeks
6081,olympians
6082,robesarmor
6083,historically
6084,late
6085,mountain
6086,howere
6087,armour
6088,gods
6089,conept
6090,thisb
6091,interesteda
6092,significantly
6093,amour
6094,ornate
6095,helmets
6096,goddess
6097,watered
6098,artifacts
6099,olympias
6100,regality
6101,closes
6102,greekolympian
6103,whites
6104,golds
6105,ancientclassical
6106,togas
6107,whitegold
6108,ancienthistorical
6109,queens
6110,nighttime
6111,ultramodern
6112,olympian
6113,bynch
6114,civilizationthemed
6115,tint
6116,bling
6117,masked
6118,whispering
6119,servant
6120,advisor
6121,treat
6122,palace
6123,pharoah
6124,garbapparel
6125,extraordinary
6126,charge
6127,bracers
6128,attendee
6129,optionb
6130,decorations
6131,pyramidsb
6132,pyramids
6133,tooa
6134,outfitted
6135,situtations
6136,transitions
6137,animalistic
6138,robotosize
6139,inca
6140,aztecs
6141,plate
6142,south
6143,egypt
6144,compatible
6145,whack
6146,cleopatras
6147,deco
6148,pronounced
6149,individuals
6150,anthony
6151,throws
6152,headpiece
6153,commandments
6154,climate
6155,baked
6156,facemask
6157,costumed
6158,assistants
6159,skateboards
6160,scooter
6161,learned
6162,mother
6163,taylor
6164,evident
6165,metallica
6166,skaters
6167,trends
6168,replaced
6169,regardless
6170,tune
6171,hipster
6172,schoolcollege
6173,committed
6174,crimes
6175,wits
6176,gum
6177,signature
6178,chewing
6179,interestfascination
6180,acquired
6181,outing
6182,ba
6183,capone
6184,skate
6185,bubble
6186,irresponsible
6187,respected
6188,wanders
6189,sneakers
6190,walks
6191,factors
6192,transportation
6193,inconsistencies
6194,inconsistent
6195,lgbtq
6196,chill
6197,concerts
6198,piercings
6199,implausible
6200,chew
6201,dumpy
6202,fuss
6203,juts
6204,sign
6205,annie
6206,gangstreet
6207,heir
6208,sophistication
6209,beanie
6210,staged
6211,homeless
6212,info
6213,lookinga
6214,rebelliousb
6215,attractivee
6216,bottle
6217,friend
6218,ryan
6219,gosling
6220,connor
6221,ink
6222,foster
6223,jail
6224,bigtime
6225,staring
6226,relateable
6227,boston
6228,ben
6229,affleck
6230,dork
6231,disinterested
6232,loner
6233,stares
6234,initially
6235,demeaner
6236,hostile
6237,elevates
6238,appearances
6239,novice
6240,tattoes
6241,researched
6242,variant
6243,hurricane
6244,bacckground
6245,frankly
6246,considers
6247,delgados
6248,zoe
6249,kravitz
6250,slots
6251,law
6252,snark
6253,ethnically
6254,latina
6255,jarelles
6256,plastic
6257,surgery
6258,chicks
6259,idk
6260,pursue
6261,thebcharacter
6262,siblings
6263,unkept
6264,african
6265,ethnicities
6266,hispanic
6267,plausibly
6268,puerto
6269,rico
6270,easygoing
6271,rican
6272,imaging
6273,despicable
6274,rosario
6275,dawson
6276,tanner
6277,slickest
6278,smarterdangerous
6279,spanish
6280,clarifies
6281,talks
6282,pierres
6283,controlling
6284,bossy
6285,controlled
6286,casually
6287,colorfully
6288,navy
6289,improvement
6290,owner
6291,pierre
6292,tennis
6293,sport
6294,empathetic
6295,nit
6296,ethics
6297,sided
6298,changes
6299,carefully
6300,bios
6301,jawline
6302,blazer
6303,printed
6304,pierce
6305,marketing
6306,improvements
6307,generation
6308,atype
6309,manicured
6310,smilier
6311,fastidious
6312,icy
6313,aloof
6314,steps
6315,favoring
6316,uptown
6317,arragont
6318,relationship
6319,dislikes
6320,chiseled
6321,rolled
6322,empathy
6323,mend
6324,offish
6325,classe
6326,supérieure
6327,bags
6328,stuffy
6329,controllingboss
6330,patterns
6331,doconvey
6332,shirtjacket
6333,rider
6334,denim
6335,foreigner
6336,forgettable
6337,sway
6338,jean
6339,handsomehe
6340,strict
6341,lothe
6342,employees
6343,employeesh
6344,succeed
6345,lows
6346,dac
6347,leaderbossy
6348,slicked
6349,equals
6350,furry
6351,collections
6352,guesswork
6353,scraped
6354,directly
6355,crowds
6356,males
6357,wacky
6358,outsiders
6359,proven
6360,sightly
6361,fave
6362,soviet
6363,union
6364,dawn
6365,modernist
6366,prior
6367,revolution
6368,daughter
6369,heroines
6370,shed
6371,dash
6372,guitar
6373,motorcycle
6374,villains
6375,citizen
6376,freedom
6377,tribes
6378,allages
6379,sexist
6380,needing
6381,reasoning
6382,halfdressed
6383,preteen
6384,upbeat
6385,clan
6386,orientated
6387,saving
6388,alignment
6389,biker
6390,hobby
6391,shine
6392,althogh
6393,mimics
6394,primitive
6395,waste
6396,anthropomorphic
6397,motorcycles
6398,promising
6399,serialized
6400,humanize
6401,biking
6402,clothinga
6403,meg
6404,otherb
6405,vividness
6406,charactersc
6407,loth
6408,droole
6409,underwear
6410,staying
6411,shopping
6412,presenting
6413,visuals
6414,creators
6415,decide
6416,pixeljunk
6417,dusty
6418,hcg
6419,peak
6420,seams
6421,comraderie
6422,itl
6423,spinoff
6424,drama
6425,offensivre
6426,revealingobjectifying
6427,prize
6428,bikes
6429,styletheme
6430,sprite
6431,triumphant
6432,spins
6433,militant
6434,eyepatch
6435,seduce
6436,selfconfident
6437,designwise
6438,vaguer
6439,diving
6440,backside
6441,determine
6442,pointed
6443,lowered
6444,barrel
6445,foot
6446,sexulized
6447,relies
6448,agent
6449,grayscale
6450,preferable
6451,loses
6452,facing
6453,minds
6454,pistols
6455,resembling
6456,reverence
6457,personb
6458,hera
6459,brothel
6460,employee
6461,afraid
6462,antihero
6463,swear
6464,servicey
6465,draft
6466,unrelateable
6467,nest
6468,insight
6469,betterstrongermore
6470,morgan
6471,grimace
6472,bu
6473,tit
6474,sketchesmockups
6475,worldgame
6476,marguerites
6477,master
6478,diguise
6479,wipe
6480,transgendered
6481,whose
6482,emits
6483,emphasized
6484,fortune
6485,league
6486,legends
6487,posed
6488,loosely
6489,stylistically
6490,evaluate
6491,selfassured
6492,skillful
6493,reputation
6494,detailreal
6495,witted
6496,siren
6497,stole
6498,barrell
6499,ghostly
6500,attracteda
6501,feather
6502,reflectiveness
6503,fightsb
6504,sexuality
6505,cheek
6506,marguerite
6507,dashing
6508,swashbuckler
6509,rear
6510,liquor
6511,feared
6512,formed
6513,tassels
6514,belts
6515,whispered
6516,corset
6517,obetter
6518,micro
6519,farm
6520,garden
6521,farming
6522,grow
6523,allage
6524,pastel
6525,agreeable
6526,quirks
6527,geared
6528,horrifying
6529,grandchildren
6530,grandfather
6531,duck
6532,ralph
6533,mircro
6534,micorworld
6535,bubbly
6536,funtastic
6537,gardening
6538,ehdf
6539,interacted
6540,sonic
6541,junior
6542,marginally
6543,edgey
6544,wholesome
6545,memory
6546,trios
6547,darn
6548,wack
6549,airplane
6550,mirco
6551,spots
6552,conversant
6553,dumbed
6554,actionable
6555,comiclike
6556,minimalist
6557,microworlds
6558,microworld
6559,household
6560,overplayed
6561,pew
6562,tons
6563,cbag
6564,iterations
6565,gender
6566,apt
6567,contain
6568,gadget
6569,father
6570,son
6571,hi
6572,parents
6573,birdlike
6574,assumed
6575,laptop
6576,tablet
6577,chess
6578,rook
6579,neccesarily
6580,sister
6581,missingdead
6582,egd
6583,yo
6584,multiverse
6585,illustrations
6586,audiences
6587,immediacy
6588,tailored
6589,animish
6590,amusing
6591,expectation
6592,skewing
6593,worldplanet
6594,purchase
6595,rad
6596,religious
6597,fools
6598,templar
6599,proportionate
6600,tiers
6601,flawed
6602,conflicted
6603,armory
6604,absurdly
6605,puppy
6606,impressivebigger
6607,yeah
6608,paladin
6609,hulking
6610,behemoth
6611,warriorlike
6612,slimmer
6613,garen
6614,churning
6615,imaginable
6616,yellowgold
6617,megasized
6618,sentinel
6619,cannons
6620,fierceness
6621,rocket
6622,harpoon
6623,launcher
6624,currently
6625,undisciplined
6626,firing
6627,punishing
6628,simplest
6629,enslaved
6630,anne
6631,annes
6632,unhinged
6633,reliant
6634,redhaired
6635,boat
6636,hoped
6637,anchor
6638,command
6639,youthfulness
6640,sketches
6641,crazed
6642,canon
6643,composed
6644,conditions
6645,relish
6646,rebelliousness
6647,sickly
6648,unlikable
6649,devilmaycare
6650,insidious
6651,pihrana
6652,jynx
6653,provocatively
6654,revenge
6655,approaches
6656,directed
6657,bodys
6658,tips
6659,medea
6660,skulls
6661,forming
6662,sick
6663,daggers
6664,threating
6665,apathetic
6666,serpentine
6667,greek
6668,cruel
6669,fiercest
6670,beaty
6671,intimdation
6672,ticked
6673,witch
6674,vengeful
6675,dagger
6676,pissed
6677,someon
6678,pushed
6679,exemplify
6680,mermaid
6681,tranquil
6682,pinup
6683,spikey
6684,vengeance
6685,sine
6686,blended
6687,beckoning
6688,pearl
6689,menace
6690,knives
6691,pelvis